,text_surronding,Gender
Duras-Marguerite_Ecrire_<je-206>_4412,". Non , de cela je suis sûre , non",Female
Duras-Marguerite_Ecrire_<je-206>_4487,"était au premier étage que j' écrivais , je n'",Female
Duras-Marguerite_Ecrire_<je-206>_4490,"étage que j' écrivais , je n' écrivais pas en",Female
Duras-Marguerite_Ecrire_<je-206>_4498,pas en bas . Après j' ai écrit au contraire,Female
Duras-Marguerite_Ecrire_<je-206>_4523,", peut - être , je ne sais plus ,",Female
Duras-Marguerite_Ecrire_<je-206>_4561,Elle a tout envahi . Je crois toujours à cet,Female
Duras-Marguerite_Ecrire_<je-206>_4665,est pas la solitude . Je parle de la solitude,Female
Duras-Marguerite_Ecrire_<je-206>_4671,parle de la solitude mais je n' étais pas seule,Female
Duras-Marguerite_Ecrire_<je-206>_4677,n' étais pas seule puisque j' avais ce travail à,Female
Duras-Marguerite_Ecrire_<je-206>_4704,été le premier livre de ma vie . C' était,Female
Duras-Marguerite_Ecrire_<je-206>_4758,en a jamais eu dans ma vie . Jamais .,Female
Duras-Marguerite_Ecrire_<je-206>_4765,. Jamais . Ni dans ma vie ni dans mes,Female
Duras-Marguerite_Ecrire_<je-206>_4769,"dans ma vie ni dans mes livres , pas une",Female
Duras-Marguerite_Ecrire_<je-206>_4777,pas une seule fois . J' écrivais tous les matins,Female
Duras-Marguerite_Ecrire_<je-206>_4795,Sauf pour la cuisine . Je savais quand il fallait,Female
Duras-Marguerite_Ecrire_<je-206>_4816,. Et pour les livres je le savais aussi .,Female
Duras-Marguerite_Ecrire_<je-206>_4821,je le savais aussi . Je le jure . Tout,Female
Duras-Marguerite_Ecrire_<je-206>_4827,"le jure . Tout , je le jure . Je",Female
Duras-Marguerite_Ecrire_<je-206>_4831,", je le jure . Je n' ai jamais menti",Female
Duras-Marguerite_Ecrire_<je-206>_4843,livre . Ni même dans ma vie . Sauf aux,Female
Duras-Marguerite_Ecrire_<je-206>_4856,. Et ça parce que ma mère m' avait fait,Female
Duras-Marguerite_Ecrire_<je-206>_4858,ça parce que ma mère m' avait fait peur avec,Female
Duras-Marguerite_Ecrire_<je-206>_4871,tuait les enfants menteurs . Je crois que c' est,Female
Duras-Marguerite_Ecrire_<je-206>_4878,"que c' est ça que je reproche aux livres ,",Female
Duras-Marguerite_Ecrire_<je-206>_4942,devient son propre flic . J' entends par là la,Female
Duras-Marguerite_Ecrire_<je-206>_4993,des jeunes : des livres Je ne sais pas ce,Female
Duras-Marguerite_Ecrire_<je-206>_5079,pas menti . La solitude je ne sais pas encore,Female
Duras-Marguerite_Ecrire_<je-206>_5090,qu' elle devient après . Je ne peux pas encore,Female
Duras-Marguerite_Ecrire_<je-206>_5100,en parler . Ce que je crois c' est que,Female
Duras-Marguerite_Ecrire_<je-206>_5126,c' est heureux . Quand j' ai parlé pour la,Female
Duras-Marguerite_Ecrire_<je-206>_5155,"le vice - consul , j' ai eu le sentiment",Female
Duras-Marguerite_Ecrire_<je-206>_5243,"Les livres des autres , je les trouve souvent «",Female
Duras-Marguerite_Ecrire_<je-206>_5269,le mot sans doute . Je ne sais pas .,Female
Duras-Marguerite_Ecrire_<je-206>_5278,". Les grandes lectures de ma vie , celles de",Female
Duras-Marguerite_Ecrire_<je-206>_5283,"ma vie , celles de moi seule , c' est",Female
Duras-Marguerite_Ecrire_<je-206>_5345,An – cien Testament . Je ne sais pas comment,Female
Duras-Marguerite_Ecrire_<je-206>_5350,Je ne sais pas comment je me suis tirée de,Female
Duras-Marguerite_Ecrire_<je-206>_5418,"Ce qui a joué dans mon cas , c' est",Female
Duras-Marguerite_Ecrire_<je-206>_5427,est peut - être que je n' ai jamais eu,Female
Duras-Marguerite_Ecrire_<je-206>_5439,cette peur - là . J' ai fait des livres,Female
Duras-Marguerite_Ecrire_<je-206>_5457,"y en a un que j' ai lu récemment ,",Female
Duras-Marguerite_Ecrire_<je-206>_5463,"ai lu récemment , que je n' avais pas relu",Female
Duras-Marguerite_Ecrire_<je-206>_5474,"trente ans , et que je trouve magnifique . Il",Female
Duras-Marguerite_Ecrire_<je-206>_5532,guérira de cet espoir . Je voudrais me réinscrire au,Female
Duras-Marguerite_Ecrire_<je-206>_5545,. Mais en même temps je sais qu' il ne,Female
Duras-Marguerite_Ecrire_<je-206>_5554,ne faudrait pas . Et je voudrais aussi m' adresser,Female
Duras-Marguerite_Ecrire_<je-206>_5567,et l' insulter de toute ma colère . L' insulte,Female
Duras-Marguerite_Ecrire_<je-206>_5588,une écriture mais adressée . J' ai insulté des gens,Female
Duras-Marguerite_Ecrire_<je-206>_5594,ai insulté des gens dans mes articles et c' est,Female
Duras-Marguerite_Ecrire_<je-206>_5607,écrire un beau poème . Je fais une différence radicale,Female
Duras-Marguerite_Ecrire_<je-206>_5659,à personne non plus . Moi je ressemble à tout,Female
Duras-Marguerite_Ecrire_<je-206>_5660,personne non plus . Moi je ressemble à tout le,Female
Duras-Marguerite_Ecrire_<je-206>_5667,à tout le monde . Je crois que jamais personne,Female
Duras-Marguerite_Ecrire_<je-206>_5677,ne s' est retourné sur moi dans la rue .,Female
Duras-Marguerite_Ecrire_<je-206>_5682,moi dans la rue . Je suis la banalité .,Female
Duras-Marguerite_Ecrire_<je-206>_5746,bascule dans la déraison . Je le crois : je,Female
Duras-Marguerite_Ecrire_<je-206>_5750,. Je le crois : je crois que la personne,Female
Duras-Marguerite_Ecrire_<je-206>_5839,jamais demandé le silence comme je l' ai toujours fait,Female
Duras-Marguerite_Ecrire_<je-206>_5845,l' ai toujours fait . J' aimerais raconter l' histoire,Female
Duras-Marguerite_Ecrire_<je-206>_5851,aimerais raconter l' histoire que j' ai racontée une première,Female
Duras-Marguerite_Ecrire_<je-206>_5866,avait fait un film sur moi . À ce moment,Female
Duras-Marguerite_Ecrire_<je-206>_5877,"là de l' histoire , je me trouvais dans ce",Female
Duras-Marguerite_Ecrire_<je-206>_5886,ce qu' on appelait la Je me suis assise par,Female
Duras-Marguerite_Ecrire_<je-206>_5898,ne pas l' effrayer . Je n' ai plus bougé,Female
Duras-Marguerite_Ecrire_<je-206>_5904,n' ai plus bougé . J' étais seule avec elle,Female
Duras-Marguerite_Ecrire_<je-206>_5917,étendue de la maison . Je n' avais jamais pensé,Female
Duras-Marguerite_Ecrire_<je-206>_5938,maudire . Comme vous . J' ai été élevée comme,Female
Duras-Marguerite_Ecrire_<je-206>_5963,peste et le choléra . Je me suis approchée pour,Female
Duras-Marguerite_Ecrire_<je-206>_6000,l' humidité du parc . J' ai regardé comment une,Female
Duras-Marguerite_Ecrire_<je-206>_6046,avait dû s' arrêter . Je suis restée pour voir,Female
Duras-Marguerite_Ecrire_<je-206>_6061,"restée contre le mur comme je l' avais vue ,",Female
Duras-Marguerite_Ecrire_<je-206>_6071,comme scellée à lui . Je me trompais : elle,Female
Duras-Marguerite_Ecrire_<je-206>_6080,elle était encore vivante . Je suis encore restée là,Female
Duras-Marguerite_Ecrire_<je-206>_6102,"espérer , à vivre . Ma présence faisait cette mort",Female
Duras-Marguerite_Ecrire_<je-206>_6111,mort plus atroce encore . Je le savais et je,Female
Duras-Marguerite_Ecrire_<je-206>_6115,. Je le savais et je suis restée . Pour,Female
Duras-Marguerite_Ecrire_<je-206>_6187,"peut - être , de moi peut - être qui",Female
Duras-Marguerite_Ecrire_<je-206>_6191,de moi peut - être qui essayais de retrouver les,Female
Duras-Marguerite_Ecrire_<je-206>_6208,passer dans l' éternité . Je ne sais plus la,Female
Duras-Marguerite_Ecrire_<je-206>_6247,est tombée du mur . Je ne sais plus rien,Female
Duras-Marguerite_Ecrire_<je-206>_6254,sais plus rien sauf que je suis partie de là,Female
Duras-Marguerite_Ecrire_<je-206>_6260,suis partie de là . Je me suis dit :,Female
Duras-Marguerite_Ecrire_<je-206>_6266,me suis dit : « Tu es en train de,Female
Duras-Marguerite_Ecrire_<je-206>_6276,devenir folle . » Et je suis partie de là,Female
Duras-Marguerite_Ecrire_<je-206>_6288,"Michelle Porte est arrivée , je lui ai montré l'",Female
Duras-Marguerite_Ecrire_<je-206>_6295,ai montré l' endroit et je lui ai dit qu',Female
Duras-Marguerite_Ecrire_<je-206>_6327,. Elle avait raison . Je lui ai souri pour,Female
Duras-Marguerite_Ecrire_<je-206>_6346,a encore ri . Et moi quand je vous la,Female
Duras-Marguerite_Ecrire_<je-206>_6348,"ri . Et moi quand je vous la raconte ,",Female
Duras-Marguerite_Ecrire_<je-206>_6361,"dans la vérité , dans ma vérité , c' est",Female
Duras-Marguerite_Ecrire_<je-206>_6368,", c' est ce que je viens de vous dire",Female
Duras-Marguerite_Ecrire_<je-206>_6383,vécu entre la mouche et moi et qui ne se,Female
Duras-Marguerite_Ecrire_<je-206>_6487,là peut - être – je n' aime pas ce,Female
Duras-Marguerite_Ecrire_<je-206>_6536,une étendue sans limites . J' ai pensé aux juifs,Female
Duras-Marguerite_Ecrire_<je-206>_6542,ai pensé aux juifs . J' ai haï l' Allemagne,Female
Duras-Marguerite_Ecrire_<je-206>_6557,"la guerre , de tout mon corps , de toute",Female
Duras-Marguerite_Ecrire_<je-206>_6562,"mon corps , de toute ma force . De même",Female
Duras-Marguerite_Ecrire_<je-206>_6579,"Allemand dans la rue , je pensais à son meurtre",Female
Duras-Marguerite_Ecrire_<je-206>_6585,"pensais à son meurtre par moi opéré , par moi",Female
Duras-Marguerite_Ecrire_<je-206>_6589,"par moi opéré , par moi inventé , perfectionné ,",Female
Duras-Marguerite_Ecrire_<je-206>_6603,"d' un corps allemand par moi , tué . C'",Female
Duras-Marguerite_Ecrire_<je-206>_6627,"là , en agonie , je veux dire : écrire",Female
Duras-Marguerite_Ecrire_<je-206>_6715,d' elle encore . Jamais je n' avais raconté la,Female
Duras-Marguerite_Ecrire_<je-206>_6802,divins ou déjà morts . Je n' avais rien organisé,Female
Duras-Marguerite_Ecrire_<je-206>_6854,bout de sa vie . Je ne pouvais pas m',Female
Duras-Marguerite_Ecrire_<je-206>_6900,vingt ans de ça . Je n' avais jamais raconté,Female
Duras-Marguerite_Ecrire_<je-206>_6908,jamais raconté cet événement comme je viens de le faire,Female
Duras-Marguerite_Ecrire_<je-206>_6922,Michelle Porte . Ce que je savais encore – ce,Female
Duras-Marguerite_Ecrire_<je-206>_6928,"savais encore – ce que je voyais , c' est",Female
Duras-Marguerite_Ecrire_<je-206>_7029,"un rendez - vous avec mon amie Michelle Porte ,",Female
Duras-Marguerite_Ecrire_<je-206>_7036,"Michelle Porte , vue par moi seule , ce jour",Female
Duras-Marguerite_Ecrire_<je-206>_7055,morte . Au moment où moi je la regardais il,Female
Duras-Marguerite_Ecrire_<je-206>_7056,. Au moment où moi je la regardais il a,Female
Duras-Marguerite_Ecrire_<je-206>_7102,"- là , celle que j' avais vue , moi",Female
Duras-Marguerite_Ecrire_<je-206>_7106,"que j' avais vue , moi , elle était morte",Female
Duras-Marguerite_Ecrire_<je-206>_7176,", d' autres lieux . Je voulais me sauver et",Female
Duras-Marguerite_Ecrire_<je-206>_7181,Je voulais me sauver et je me disais en même,Female
Duras-Marguerite_Ecrire_<je-206>_7189,en même temps qu' il me fallait regarder vers ce,Female
Duras-Marguerite_Ecrire_<je-206>_7275,eu un fou rire quand j' ai dit l' heure,Female
Duras-Marguerite_Ecrire_<je-206>_7292,Et c' est maintenant que je pense que peut -,Female
Duras-Marguerite_Ecrire_<je-206>_7302,être ce n' était pas moi qui avais raconté cette,Female
Duras-Marguerite_Ecrire_<je-206>_7303,ce n' était pas moi qui avais raconté cette mort,Female
Duras-Marguerite_Ecrire_<je-206>_7312,mort de façon risible . J' étais à ce moment,Female
Duras-Marguerite_Ecrire_<je-206>_7327,"de l' exprimer parce que je regardais cette mort ,",Female
Duras-Marguerite_Ecrire_<je-206>_7349,toujours accompagnée de folie . Je le sais . On,Female
Duras-Marguerite_Ecrire_<je-206>_7366,seulement on la pressent . Je ne crois pas qu',Female
Duras-Marguerite_Ecrire_<je-206>_7461,( comme en ce moment je le pense ) en,Female
Duras-Marguerite_Ecrire_<Je-31>_566,", de l' écrit . Je ne parlais de ça",Female
Duras-Marguerite_Ecrire_<Je-31>_580,cette période - là de ma première solitude j' avais,Female
Duras-Marguerite_Ecrire_<Je-31>_583,là de ma première solitude j' avais déjà découvert que,Female
Duras-Marguerite_Ecrire_<Je-31>_595,écrire qu' il fallait que je fasse . J' en,Female
Duras-Marguerite_Ecrire_<Je-31>_598,fallait que je fasse . J' en avais déjà été,Female
Duras-Marguerite_Ecrire_<Je-31>_642,la seule chose qui peuplait ma vie et qui l',Female
Duras-Marguerite_Ecrire_<Je-31>_649,et qui l' enchantait . Je l' ai fait .,Female
Duras-Marguerite_Ecrire_<Je-31>_657,fait . L' écriture ne m' a jamais quittée .,Female
Duras-Marguerite_Ecrire_<Je-31>_662,m' a jamais quittée . Ma chambre ce n' est,Female
Duras-Marguerite_Ecrire_<Je-31>_715,". Et certaines habitudes que je retrouve toujours , où",Female
Duras-Marguerite_Ecrire_<Je-31>_721,"retrouve toujours , où que j' aille , où que",Female
Duras-Marguerite_Ecrire_<Je-31>_726,"j' aille , où que je sois , dans les",Female
Duras-Marguerite_Ecrire_<Je-31>_734,"dans les lieux mêmes où je n' écris pas ,",Female
Duras-Marguerite_Ecrire_<Je-31>_755,avoir toujours du whisky dans ma valise dans le cas,Female
Duras-Marguerite_Ecrire_<Je-31>_772,Pendant cette période - là j' ai eu des amants,Female
Duras-Marguerite_Ecrire_<Je-31>_778,ai eu des amants . Je suis restée rarement sans,Female
Duras-Marguerite_Ecrire_<Je-31>_821,"Rarement à ces amants , je donnais mes livres à",Female
Duras-Marguerite_Ecrire_<Je-31>_823,"ces amants , je donnais mes livres à lire .",Female
Duras-Marguerite_Ecrire_<Je-31>_845,qu' elles font . Quand je venais de terminer un,Female
Duras-Marguerite_Ecrire_<Je-31>_852,"de terminer un chapitre , je le leur cachais .",Female
Duras-Marguerite_Ecrire_<Je-31>_865,"si vraie , quant à moi , que je me",Female
Duras-Marguerite_Ecrire_<Je-31>_868,"quant à moi , que je me demande comment on",Female
Duras-Marguerite_Ecrire_<Je-31>_920,remplacé . Chaque jour de ma vie je le sais,Female
Duras-Marguerite_Ecrire_<Je-31>_922,Chaque jour de ma vie je le sais . Cette,Female
Duras-Marguerite_Ecrire_<Je-31>_977,qui viennent patiner et qui m' empêchent de travailler .,Female
Duras-Marguerite_Ecrire_<Je-31>_982,"m' empêchent de travailler . Je les laisse faire ,",Female
Duras-Marguerite_Ecrire_<Je-31>_990,"faire , ces enfants . Je les surveille . Toutes",Female
Duras-Marguerite_Ecrire_<Je-31>_1049,elle se fait seule . Je l' ai faite .,Female
Duras-Marguerite_Ecrire_<Je-31>_1056,ai faite . Parce que j' ai décidé que c',Female
Duras-Marguerite_Ecrire_<Je-31>_1064,"que c' était là que je devrais être seule ,",Female
Duras-Marguerite_Ecrire_<Je-31>_1070,"devrais être seule , que je serais seule pour écrire",Female
Duras-Marguerite_Ecrire_<Je-31>_1084,s' est passé ainsi . J' ai été seule dans,Female
Duras-Marguerite_Ecrire_<Je-31>_1092,seule dans cette maison . Je m' y suis enfermée,Female
Duras-Marguerite_Ecrire_<Je-31>_1098,m' y suis enfermée – j' avais peur aussi bien,Female
Duras-Marguerite_Ecrire_<Je-31>_1107,bien sûr . Et puis je l' ai aimée .,Female
Duras-Marguerite_Ecrire_<Je-31>_1123,celle de l' écriture . Mes livres sortent de cette,Female
Duras-Marguerite_Ecrire_<Je-31>_1147,de l' étang . Il m' a fallu vingt ans,Female
Duras-Marguerite_Ecrire_<Je-31>_1156,ans pour écrire ça que je viens de dire là,Female
Duras-Marguerite_Ecrire_<Je-31>_1230,abricotier est mort . Devant ma chambre il y a,Female
Duras-Marguerite_Ecrire_<Je-31>_1239,a ce rosier fabuleux de J' ai d' abord meublé,Female
Duras-Marguerite_Ecrire_<Je-31>_1248,meublé cette maison et puis je l' ai fait repeindre,Female
Duras-Marguerite_Ecrire_<Je-31>_1265,après peut - être que ma vie avec elle a,Female
Duras-Marguerite_Ecrire_<Je-31>_1272,avec elle a commencé . J' ai fini À Trouville,Female
Duras-Marguerite_Ecrire_<Je-31>_1310,C' est à Trouville que j' ai regardé la mer,Female
Duras-Marguerite_Ecrire_<Je-31>_1325,c' est une solitude de ma vie entière . J',Female
Duras-Marguerite_Ecrire_<Je-31>_1329,de ma vie entière . J' ai encore cette solitude,Female
Duras-Marguerite_Ecrire_<Je-31>_1341,", imprenable , autour de moi . Des fois je",Female
Duras-Marguerite_Ecrire_<Je-31>_1345,"de moi . Des fois je ferme les portes ,",Female
Duras-Marguerite_Ecrire_<Je-31>_1350,"je ferme les portes , je coupe le téléphone ,",Female
Duras-Marguerite_Ecrire_<Je-31>_1355,"je coupe le téléphone , je coupe ma voix ,",Female
Duras-Marguerite_Ecrire_<Je-31>_1357,"le téléphone , je coupe ma voix , je ne",Female
Duras-Marguerite_Ecrire_<Je-31>_1360,"je coupe ma voix , je ne veux plus rien",Female
Duras-Marguerite_Ecrire_<Je-31>_1366,ne veux plus rien . Je peux dire ce que,Female
Duras-Marguerite_Ecrire_<Je-31>_1371,"Je peux dire ce que je veux , je ne",Female
Duras-Marguerite_Ecrire_<Je-31>_1374,"ce que je veux , je ne trouverai jamais pourquoi",Female
Duras-Marguerite_Ecrire_<Je-31>_1390,"écrit pas . Quelquefois quand je suis seule ici ,",Female
Duras-Marguerite_Ecrire_<Je-31>_1398,"ici , à Neauphle , je reconnais des objets comme",Female
Duras-Marguerite_Ecrire_<Je-31>_1406,objets comme un radiateur . Je me souviens qu' il,Female
Duras-Marguerite_Ecrire_<Je-31>_1421,"sur le radiateur et que j' étais souvent assise ,",Female
Duras-Marguerite_Ecrire_<Je-31>_1439,"les autos . Ici quand je suis seule , je",Female
Duras-Marguerite_Ecrire_<Je-31>_1443,"quand je suis seule , je ne joue pas du",Female
Duras-Marguerite_Ecrire_<Je-31>_1450,"joue pas du piano . Je joue pas mal ,",Female
Duras-Marguerite_Ecrire_<Je-31>_1456,"joue pas mal , mais je joue très peu parce",Female
Duras-Marguerite_Ecrire_<Je-31>_1462,joue très peu parce que je crois que je ne,Female
Duras-Marguerite_Ecrire_<Je-31>_1465,parce que je crois que je ne peux pas jouer,Female
Duras-Marguerite_Ecrire_<Je-31>_1471,"ne peux pas jouer quand je suis seule , quand",Female
Duras-Marguerite_Ecrire_<Je-31>_1484,a personne d' autre que moi dans la maison .,Female
Duras-Marguerite_Ecrire_<Je-31>_1525,"certains cas personnels . Puisque je la manie , je",Female
Duras-Marguerite_Ecrire_<Je-31>_1529,"Puisque je la manie , je la pratique . Tandis",Female
Duras-Marguerite_Ecrire_<Je-31>_1547,"inacces sible , et pour moi , toujours , tel",Female
Duras-Marguerite_Ecrire_<Je-31>_1553,", toujours , tel . Je crois que si j'",Female
Duras-Marguerite_Ecrire_<Je-31>_1557,. Je crois que si j' avais joué du piano,Female
Duras-Marguerite_Ecrire_<Je-31>_1565,"du piano en professionnelle , je n' aurais pas écrit",Female
Duras-Marguerite_Ecrire_<Je-31>_1574,écrit de livres . Mais je n' en suis pas,Female
Duras-Marguerite_Ecrire_<Je-31>_1581,en suis pas sûre . Je crois aussi que c',Female
Duras-Marguerite_Ecrire_<Je-31>_1589,que c' est faux . Je crois que j' aurais,Female
Duras-Marguerite_Ecrire_<Je-31>_1592,faux . Je crois que j' aurais écrit des livres,Female
Duras-Marguerite_Ecrire_<Je-31>_1683,", ça veut dire . Je n' ai jamais pu",Female
Duras-Marguerite_Ecrire_<Je-31>_1701,ou alors il faudrait que je cherche loin . .,Female
Duras-Marguerite_Ecrire_<Je-31>_1707,cherche loin . . . je n' ai jamais pu,Female
Duras-Marguerite_Ecrire_<Je-31>_1719,livre sans le terminer . Je n' ai jamais fait,Female
Duras-Marguerite_Ecrire_<Je-31>_1761,"saisons . Cette passion , je l' ai découverte ici",Female
Duras-Marguerite_Ecrire_<Je-31>_1775,dans cette maison ici . J' avais enfin une maison,Female
Duras-Marguerite_Ecrire_<Je-31>_1788,pour écrire des livres . Je voulais vivre dans cette,Female
Duras-Marguerite_Ecrire_<Je-31>_1815,"Peut - être écrire , je me suis dit ,",Female
Duras-Marguerite_Ecrire_<Je-31>_1820,"je me suis dit , je pourrais . J' avais",Female
Duras-Marguerite_Ecrire_<Je-31>_1823,"dit , je pourrais . J' avais déjà commencé des",Female
Duras-Marguerite_Ecrire_<Je-31>_1830,déjà commencé des livres que j' avais abandonnés . J',Female
Duras-Marguerite_Ecrire_<Je-31>_1834,que j' avais abandonnés . J' avais oublié même les,Female
Duras-Marguerite_Ecrire_<l' homme-1037>_22091,"tubes , ni celle de l' homme qui parle .",Male
Duras-Marguerite_Ecrire_<l' homme-1037>_22093,ni celle de l' homme qui parle . On les,Male
Duras-Marguerite_Ecrire_<l' homme-1037>_22158,cubes de toiles rangées . Il dit que ce sont,Male
Duras-Marguerite_Ecrire_<l' homme-1037>_22219,a arrêté le cours . L' homme parle . Il,Male
Duras-Marguerite_Ecrire_<l' homme-1037>_22223,. L' homme parle . Il dit que ces toiles,Male
Duras-Marguerite_Ecrire_<l' homme-1037>_22263,pose un mystérieux problème à cet homme . Quelquefois on,Male
Duras-Marguerite_Ecrire_<l' homme-1037>_22289,n' est pas possible . Il ne sait pas pourquoi,Male
Duras-Marguerite_Ecrire_<l' homme-1037>_22296,"sait pas pourquoi , mais il sait qu' il doit",Male
Duras-Marguerite_Ecrire_<l' homme-1037>_22299,", mais il sait qu' il doit en tenir compte",Male
Duras-Marguerite_Ecrire_<l' homme-1037>_22305,"doit en tenir compte . Il parle seul , haut",Male
Duras-Marguerite_Ecrire_<l' homme-1037>_22312,"seul , haut , quelquefois sa voix s' accélère et",Male
Duras-Marguerite_Ecrire_<l' homme-1037>_22328,pas pour la peinture s' il crie tandis qu' elle,Male
Duras-Marguerite_Ecrire_<l' homme-1037>_22356,", pendant le sommeil de cet homme ou son éveil",Male
Duras-Marguerite_Ecrire_<l' homme-1037>_22359,sommeil de cet homme ou son éveil . Cet homme,Male
Duras-Marguerite_Ecrire_<l' homme-1037>_22362,homme ou son éveil . Cet homme parle un français,Male
Duras-Marguerite_Ecrire_<l' homme-1037>_22372,personnel . Tout ce qu' il est en train de,Male
Duras-Marguerite_Ecrire_<l' homme-1037>_22378,est en train de dire il le dit dans ce,Male
Duras-Marguerite_Ecrire_<l' homme-1037>_22385,dit dans ce français qu' il est seul à parler,Male
Duras-Marguerite_Ecrire_<l' homme-1037>_22391,est seul à parler . Il s' est arrêté de,Male
Duras-Marguerite_Ecrire_<l' homme-1037>_22402,dans cette langue . Ça lui prenait le temps et,Male
Duras-Marguerite_Ecrire_<l' homme-1037>_22414,était pas la peine . Il parle de l' accrochage,Male
Duras-Marguerite_Ecrire_<l' homme-1037>_22420,parle de l' accrochage de ses toiles . Il va,Male
Duras-Marguerite_Ecrire_<l' homme-1037>_22423,accrochage de ses toiles . Il va le faire lui,Male
Duras-Marguerite_Ecrire_<l' homme-1037>_22427,. Il va le faire lui - même . Il,Male
Duras-Marguerite_Ecrire_<l' homme-1037>_22431,faire lui - même . Il parle de ça .,Male
Duras-Marguerite_Ecrire_<l' homme-1037>_22436,"Il parle de ça . Il dit où , à",Male
Duras-Marguerite_Ecrire_<l' homme-1037>_22465,ancien atelier de reliure . L' homme dit qu' il,Male
Duras-Marguerite_Ecrire_<l' homme-1037>_22475,y a sept années qu' il n' a pas montré,Male
Duras-Marguerite_Ecrire_<l' homme-1037>_22480,il n' a pas montré sa peinture . Il a,Male
Duras-Marguerite_Ecrire_<l' homme-1037>_22483,pas montré sa peinture . Il a un autre travail,Male
Duras-Marguerite_Ecrire_<l' homme-1037>_22492,"travail dans la vie , il le fait d' ailleurs",Male
Duras-Marguerite_Ecrire_<l' homme-1037>_22515,envie de montrer ce qu' il peint lui est revenue,Male
Duras-Marguerite_Ecrire_<l' homme-1037>_22517,montrer ce qu' il peint lui est revenue brusquement très,Male
Duras-Marguerite_Ecrire_<l' homme-1037>_22528,", avant le printemps . Il dit : sept années",Male
Duras-Marguerite_Ecrire_<l' homme-1037>_22538,", c' est juste que je recommence , je trouve",Male
Duras-Marguerite_Ecrire_<l' homme-1037>_22541,"juste que je recommence , je trouve , non ?",Male
Duras-Marguerite_Ecrire_<l' homme-1037>_22546,"je trouve , non ? Il parle de plus en",Male
Duras-Marguerite_Ecrire_<l' homme-1037>_22554,"plus en plus vite , il s' excuse , il",Male
Duras-Marguerite_Ecrire_<l' homme-1037>_22558,", il s' excuse , il dit que c' est",Male
Duras-Marguerite_Ecrire_<l' homme-1037>_22569,nervosité . Sept années . Il dit : j' ai,Male
Duras-Marguerite_Ecrire_<l' homme-1037>_22572,années . Il dit : j' ai tout arrêté .,Male
Duras-Marguerite_Ecrire_<l' homme-1037>_22577,j' ai tout arrêté . Je me suis enfermé ici,Male
Duras-Marguerite_Ecrire_<l' homme-1037>_22596,l' exposition était prête . Il dit que ce qui,Male
Duras-Marguerite_Ecrire_<l' homme-1037>_22611,. Il fallait bien qu' il y arrive . Il,Male
Duras-Marguerite_Ecrire_<l' homme-1037>_22615,qu' il y arrive . Il commence à montrer les,Male
Duras-Marguerite_Ecrire_<l' homme-1037>_22627,l' Exposition Une à une il les prend et une,Male
Duras-Marguerite_Ecrire_<l' homme-1037>_22644,"contre lequel elles étaient , il les retourne . Qu'",Male
Duras-Marguerite_Ecrire_<l' homme-1037>_22649,il les retourne . Qu' il les porte ou qu',Male
Duras-Marguerite_Ecrire_<l' homme-1037>_22654,"il les porte ou qu' il les retourne , il",Male
Duras-Marguerite_Ecrire_<l' homme-1037>_22658,"qu' il les retourne , il continue à parler .",Male
Duras-Marguerite_Ecrire_<l' homme-1037>_22667,. Quelquefois on dirait qu' il hésite à les retourner,Male
Duras-Marguerite_Ecrire_<l' homme-1037>_22674,"à les retourner , puis il le fait , il",Male
Duras-Marguerite_Ecrire_<l' homme-1037>_22678,"puis il le fait , il les retourne . Il",Male
Duras-Marguerite_Ecrire_<l' homme-1037>_22682,", il les retourne . Il parle toujours d' un",Male
Duras-Marguerite_Ecrire_<l' homme-1037>_22689,toujours d' un ordre qu' il voudrait observer dans l',Male
Duras-Marguerite_Ecrire_<l' homme-1037>_22696,observer dans l' exposition . Il ne voudrait pas que,Male
Duras-Marguerite_Ecrire_<l' homme-1037>_22714,par rapport aux autres . Il voudrait un ordre naturel,Male
Duras-Marguerite_Ecrire_<l' homme-1037>_22809,arrive dans la lumière . L' homme dit que ce,Male
Duras-Marguerite_Ecrire_<l' homme-1037>_22839,personne . C' est pourquoi il veut les accrocher toutes,Male
Duras-Marguerite_Ecrire_<l' homme-1037>_22847,"accrocher toutes ensemble , ça le préoccupe beaucoup , il",Male
Duras-Marguerite_Ecrire_<l' homme-1037>_22851,"ça le préoccupe beaucoup , il voudrait non pas qu'",Male
Duras-Marguerite_Ecrire_<l' homme-1037>_22893,"naturel , juste , dont lui seul est responsable ,",Male
Duras-Marguerite_Ecrire_<l' homme-1037>_22899,"seul est responsable , dont lui seul devrait savoir de",Male
Duras-Marguerite_Ecrire_<l' homme-1037>_22906,devrait savoir de quelle valeur il doit être . Il,Male
Duras-Marguerite_Ecrire_<l' homme-1037>_22910,valeur il doit être . Il parle beaucoup de la,Male
Duras-Marguerite_Ecrire_<l' homme-1037>_22921,qui sépare les toiles . Il dit qu' il faudrait,Male
Duras-Marguerite_Ecrire_<l' homme-1037>_22950,", oui , quelquefois . Il ne sait pas au",Male
Duras-Marguerite_Ecrire_<l' homme-1037>_22957,sait pas au fond . Il est dans le même,Male
Duras-Marguerite_Ecrire_<l' homme-1037>_22969,"nous devant cette peinture qu' il a faite , débordé",Male
Duras-Marguerite_Ecrire_<l' homme-1037>_22987,d' un discours continu . L' homme parle pour que,Male
Duras-Marguerite_Ecrire_<l' homme-1037>_23008,entre dans la lumière . Il parle pour qu' une,Male
Duras-Marguerite_Ecrire_<l' homme-1037>_23031,. À la fin on le laisse faire seul son,Male
Duras-Marguerite_Ecrire_<l' homme-1037>_23035,on le laisse faire seul son travail de cheval de,Male
Duras-Marguerite_Ecrire_<l' homme-1037>_23043,"cheval de carrière , on le laisse à son malheur",Male
Duras-Marguerite_Ecrire_<l' homme-1037>_23046,", on le laisse à son malheur , à cette",Male
Duras-Marguerite_Ecrire_<l' homme-1037>_23076,à - dire qu' on le laisse à sa propre,Male
Duras-Marguerite_Ecrire_<l' homme-1037>_23079,qu' on le laisse à sa propre histoire . On,Male
Duras-Marguerite_Ecrire_<l' homme-1037>_23093,violence de la peinture qu' il a faite . On,Male
Duras-Marguerite_Ecrire_<l' homme-1037>_23105,", elle , on ne le regarde pas , lui",Male
Duras-Marguerite_Ecrire_<l' homme-1037>_23109,"ne le regarde pas , lui , l' homme qui",Male
Duras-Marguerite_Ecrire_<l' homme-1037>_23111,"regarde pas , lui , l' homme qui parle ,",Male
Duras-Marguerite_Ecrire_<l' homme-1037>_23113,", lui , l' homme qui parle , le peintre",Male
Duras-Marguerite_Ecrire_<l' homme-1037>_23116,"l' homme qui parle , le peintre , celui qui",Male
Duras-Marguerite_Ecrire_<l' homme-1037>_23119,"parle , le peintre , celui qui se débat dans",Male
Duras-Marguerite_Ecrire_<l' homme-1037>_23136,"regarde , elle seule . L' homme qui parle est",Male
Duras-Marguerite_Ecrire_<l' homme-1037>_23141,L' homme qui parle est celui qui a fait ça,Male
Duras-Marguerite_Ecrire_<Je-76>_1917,", terrible à surmonter . Je crois que la personne",Female
Duras-Marguerite_Ecrire_<Je-76>_1980,"orthographe , le sens . Je ne l' ai jamais",Female
Duras-Marguerite_Ecrire_<Je-76>_1988,"ai jamais retrouvé ailleurs , je ne l' ai retrouvé",Female
Duras-Marguerite_Ecrire_<Je-76>_2002,"qui l' a joué , mon ami , le génial",Female
Duras-Marguerite_Ecrire_<Je-76>_2017,"ses autres rôles , pour moi , il est encore",Female
Duras-Marguerite_Ecrire_<Je-76>_2033,"à Lahore . Il est mon ami , mon frère",Female
Duras-Marguerite_Ecrire_<Je-76>_2036,"Il est mon ami , mon frère . Le vice",Female
Duras-Marguerite_Ecrire_<Je-76>_2048,c' est celui en qui je crois . Le cri,Female
Duras-Marguerite_Ecrire_<Je-76>_2160,"arrive un moment , et je pense que c' est",Female
Duras-Marguerite_Ecrire_<Je-76>_2245,déjà nommer le mot . Je crois que beaucoup de,Female
Duras-Marguerite_Ecrire_<Je-76>_2257,"pourraient pas supporter ça que je dis là , ils",Female
Duras-Marguerite_Ecrire_<Je-76>_2331,l' a toujours su . Je crois aussi que sans,Female
Duras-Marguerite_Ecrire_<Je-76>_2386,", non . Jamais . J' ai tout de suite",Female
Duras-Marguerite_Ecrire_<Je-76>_2401,". Le premier est Quand je me couchais , je",Female
Duras-Marguerite_Ecrire_<Je-76>_2405,"Quand je me couchais , je me cachais le visage",Female
Duras-Marguerite_Ecrire_<Je-76>_2411,me cachais le visage . J' avais peur de moi,Female
Duras-Marguerite_Ecrire_<Je-76>_2415,. J' avais peur de moi . Je ne sais,Female
Duras-Marguerite_Ecrire_<Je-76>_2417,avais peur de moi . Je ne sais pas comment,Female
Duras-Marguerite_Ecrire_<Je-76>_2422,Je ne sais pas comment je ne sais pas pourquoi,Female
Duras-Marguerite_Ecrire_<Je-76>_2434,c' est pour ça que je buvais de l' alcool,Female
Duras-Marguerite_Ecrire_<Je-76>_2444,"avant de dormir . Pour m' oublier , moi .",Female
Duras-Marguerite_Ecrire_<Je-76>_2447,". Pour m' oublier , moi . Ça passe tout",Female
Duras-Marguerite_Ecrire_<Je-76>_2489,coup . Tout écrivait quand j' écrivais dans la maison,Female
Duras-Marguerite_Ecrire_<Je-76>_2502,"était partout . Et quand je voyais des amis ,",Female
Duras-Marguerite_Ecrire_<Je-76>_2508,"voyais des amis , parfois je les reconnaissais mal .",Female
Duras-Marguerite_Ecrire_<Je-76>_2525,"ça , difficiles , pour moi , oui , dix",Female
Duras-Marguerite_Ecrire_<Je-76>_2547,"amis même très chers venaient me voir , c' était",Female
Duras-Marguerite_Ecrire_<Je-76>_2559,". Ils savaient rien de moi , les amis :",Female
Duras-Marguerite_Ecrire_<Je-76>_2565,", les amis : ils me voulaient du bien et",Female
Duras-Marguerite_Ecrire_<Je-76>_2586,"étrange , c' était que je n' en pensais rien",Female
Duras-Marguerite_Ecrire_<Je-76>_2716,"ceux de vous et de moi , ceux des chiens",Female
Duras-Marguerite_Ecrire_<Je-76>_2769,"du bonheur . Toujours , je crois ça . Cette",Female
Duras-Marguerite_Ecrire_<Je-76>_2782,"- le - Château , je l' ai achetée avec",Female
Duras-Marguerite_Ecrire_<Je-76>_2792,les droits de cinéma de mon livre Ça va très,Female
Duras-Marguerite_Ecrire_<Je-76>_2863,"était sans doute simplement que j' étais déjà , un",Female
Duras-Marguerite_Ecrire_<Je-76>_2888,de douleur sans souffrance . Je ne cherchais pas à,Female
Duras-Marguerite_Ecrire_<Je-76>_2903,", surtout des gens qui me connaissaient . Ce n'",Female
Duras-Marguerite_Ecrire_<Je-76>_2916,. C' était désespéré . J' étais embarquée dans le,Female
Duras-Marguerite_Ecrire_<Je-76>_2926,travail le plus difficile de ma vie : mon amant,Female
Duras-Marguerite_Ecrire_<Je-76>_2929,"difficile de ma vie : mon amant de Lahore ,",Female
Duras-Marguerite_Ecrire_<Je-76>_2944,Cette maison ici à Neauphle je croyais l' avoir aussi,Female
Duras-Marguerite_Ecrire_<Je-76>_2951,"l' avoir aussi achetée pour mes amis , les recevoir",Female
Duras-Marguerite_Ecrire_<Je-76>_2957,"amis , les recevoir mais je me trompais . Je",Female
Duras-Marguerite_Ecrire_<Je-76>_2961,mais je me trompais . Je l' avais achetée pour,Female
Duras-Marguerite_Ecrire_<Je-76>_2966,Je l' avais achetée pour moi . C' est maintenant,Female
Duras-Marguerite_Ecrire_<Je-76>_2973,C' est maintenant seulement que je le sais et que,Female
Duras-Marguerite_Ecrire_<Je-76>_2978,je le sais et que je le dis . Certains,Female
Duras-Marguerite_Ecrire_<Je-76>_3018,"- être , quelquefois . Je demandais qu' on vienne",Female
Duras-Marguerite_Ecrire_<Je-76>_3045,Ces soirées - là que je dis étaient pour tous,Female
Duras-Marguerite_Ecrire_<Je-76>_3073,"et leurs amis . Et mes amants aussi , surtout",Female
Duras-Marguerite_Ecrire_<Je-76>_3103,il y avait du monde j' étais à la fois,Female
Duras-Marguerite_Ecrire_<Je-76>_3153,cents mètres carrés . Quand j' allais jusqu' au bout,Female
Duras-Marguerite_Ecrire_<Je-76>_3173,"« petite maison » , j' avais peur de l'",Female
Duras-Marguerite_Ecrire_<Je-76>_3184,comme d' un piège . Je peux dire que tous,Female
Duras-Marguerite_Ecrire_<Je-76>_3191,dire que tous les soirs j' avais peur . Et,Female
Duras-Marguerite_Ecrire_<Je-76>_3197,avais peur . Et pourtant je n' ai jamais fait,Female
Duras-Marguerite_Ecrire_<Je-76>_3215,là . Quelquefois le soir je sortais tard . C',Female
Duras-Marguerite_Ecrire_<Je-76>_3224,"C' étaient des randonnées que j' aimais , avec des",Female
Duras-Marguerite_Ecrire_<Je-76>_3275,du matin . Le nom me revient : c' était,Female
Duras-Marguerite_Ecrire_<Je-76>_3361,Notariat parisien . Quand on m' a ouvert la porte,Female
Duras-Marguerite_Ecrire_<Je-76>_3369,"la porte d' entrée , j' ai vu le parc",Female
Duras-Marguerite_Ecrire_<Je-76>_3381,"a duré quelques secondes . J' ai dit oui ,",Female
Duras-Marguerite_Ecrire_<Je-76>_3387,"ai dit oui , que j' achetais la maison dès",Female
Duras-Marguerite_Ecrire_<Je-76>_3396,dès l' entrée franchie . Je l' ai achetée séance,Female
Duras-Marguerite_Ecrire_<Je-76>_3403,ai achetée séance tenante . J' ai payé de même,Female
Duras-Marguerite_Ecrire_<Je-76>_3424,toutes les saisons . Et je l' ai aussi donnée,Female
Duras-Marguerite_Ecrire_<Je-76>_3430,l' ai aussi donnée à mon fils . Elle est,Female
Duras-Marguerite_Ecrire_<Je-76>_3447,"attaché à elle qu' à moi , maintenant je le",Female
Duras-Marguerite_Ecrire_<Je-76>_3450,"qu' à moi , maintenant je le crois . Il",Female
Duras-Marguerite_Ecrire_<Je-76>_3459,Il a tout gardé de moi dans cette maison .,Female
Duras-Marguerite_Ecrire_<Je-76>_3464,moi dans cette maison . Je peux encore y être,Female
Duras-Marguerite_Ecrire_<Je-76>_3471,"encore y être seule . J' ai ma table ,",Female
Duras-Marguerite_Ecrire_<Je-76>_3473,"être seule . J' ai ma table , mon lit",Female
Duras-Marguerite_Ecrire_<Je-76>_3476,"J' ai ma table , mon lit , mon téléphone",Female
Duras-Marguerite_Ecrire_<Je-76>_3479,"table , mon lit , mon téléphone , mes tableaux",Female
Duras-Marguerite_Ecrire_<Je-76>_3482,"lit , mon téléphone , mes tableaux , et mes",Female
Duras-Marguerite_Ecrire_<Je-76>_3486,", mes tableaux , et mes livres . Et des",Female
Duras-Marguerite_Ecrire_<Je-76>_3493,. Et des scenarii de mes films . Et quand,Female
Duras-Marguerite_Ecrire_<Je-76>_3498,mes films . Et quand je vais dans cette maison,Female
Duras-Marguerite_Ecrire_<Je-76>_3504,"vais dans cette maison , mon fils en est très",Female
Duras-Marguerite_Ecrire_<Je-76>_3517,"bonheur - là , de mon fils , c' est",Female
Duras-Marguerite_Ecrire_<Je-76>_3524,", c' est celui de ma vie maintenant . C'",Female
Duras-Marguerite_Ecrire_<du jeune aviateur anglais tué le dernier jour de la guerre-434>_9756,il y a le corps du jeune aviateur anglais tué,Male
Duras-Marguerite_Ecrire_<du jeune aviateur anglais tué le dernier jour de la guerre-434>_9815,ai connu l' histoire . C' était un enfant anglais,Male
Duras-Marguerite_Ecrire_<du jeune aviateur anglais tué le dernier jour de la guerre-434>_9817,l' histoire . C' était un enfant anglais . Il,Male
Duras-Marguerite_Ecrire_<du jeune aviateur anglais tué le dernier jour de la guerre-434>_9821,était un enfant anglais . Il avait vingt ans .,Male
Duras-Marguerite_Ecrire_<du jeune aviateur anglais tué le dernier jour de la guerre-434>_9826,Il avait vingt ans . Son nom est inscrit sur,Male
Duras-Marguerite_Ecrire_<du jeune aviateur anglais tué le dernier jour de la guerre-434>_9835,sur la dalle . On l' a d' abord appelé,Male
Duras-Marguerite_Ecrire_<du jeune aviateur anglais tué le dernier jour de la guerre-434>_9840,l' a d' abord appelé le Jeune aviateur anglais .,Male
Duras-Marguerite_Ecrire_<du jeune aviateur anglais tué le dernier jour de la guerre-434>_9845,le Jeune aviateur anglais . Il était orphelin . Il,Male
Duras-Marguerite_Ecrire_<du jeune aviateur anglais tué le dernier jour de la guerre-434>_9849,. Il était orphelin . Il était dans un collège,Male
Duras-Marguerite_Ecrire_<du jeune aviateur anglais tué le dernier jour de la guerre-434>_9862,du nord de Londres . Il s' était engagé comme,Male
Duras-Marguerite_Ecrire_<du jeune aviateur anglais tué le dernier jour de la guerre-434>_9892,", c' est possible . Il avait attaqué une batterie",Male
Duras-Marguerite_Ecrire_<du jeune aviateur anglais tué le dernier jour de la guerre-434>_9903,. Pour rire . Comme il avait tiré sur leur,Male
Duras-Marguerite_Ecrire_<du jeune aviateur anglais tué le dernier jour de la guerre-434>_9919,. Ils ont tiré sur l' enfant . Il avait,Male
Duras-Marguerite_Ecrire_<du jeune aviateur anglais tué le dernier jour de la guerre-434>_9922,tiré sur l' enfant . Il avait vingt ans .,Male
Duras-Marguerite_Ecrire_<du jeune aviateur anglais tué le dernier jour de la guerre-434>_9927,Il avait vingt ans . L' enfant est resté prisonnier,Male
Duras-Marguerite_Ecrire_<du jeune aviateur anglais tué le dernier jour de la guerre-434>_9933,enfant est resté prisonnier de son avion . Un Meteor,Male
Duras-Marguerite_Ecrire_<du jeune aviateur anglais tué le dernier jour de la guerre-434>_9946,"est ça , oui . Il est resté prisonnier de",Male
Duras-Marguerite_Ecrire_<du jeune aviateur anglais tué le dernier jour de la guerre-434>_9981,"village le croient – qu' il est mort , au",Male
Duras-Marguerite_Ecrire_<du jeune aviateur anglais tué le dernier jour de la guerre-434>_9996,"là , la dernière de sa vie . Pendant un",Male
Duras-Marguerite_Ecrire_<du jeune aviateur anglais tué le dernier jour de la guerre-434>_10015,tous les habitants de Vauville l' ont veillé . Comme,Male
Duras-Marguerite_Ecrire_<du jeune aviateur anglais tué le dernier jour de la guerre-434>_10035,"aurait fait avant , ils l' ont veillé avec des",Male
Duras-Marguerite_Ecrire_<du jeune aviateur anglais tué le dernier jour de la guerre-434>_10060,puis ils ont réussi à le sortir de l' avion,Male
Duras-Marguerite_Ecrire_<du jeune aviateur anglais tué le dernier jour de la guerre-434>_10071,"Et l' avion , ils l' ont extrait de l'",Male
Duras-Marguerite_Ecrire_<du jeune aviateur anglais tué le dernier jour de la guerre-434>_10085,"été long , difficile . Son corps était resté prisonnier",Male
Duras-Marguerite_Ecrire_<du jeune aviateur anglais tué le dernier jour de la guerre-434>_10100,de l' arbre . Ils l' ont descendu de l',Male
Duras-Marguerite_Ecrire_<du jeune aviateur anglais tué le dernier jour de la guerre-434>_10132,"une fois descendu , ils l' ont porté jusqu' au",Male
Duras-Marguerite_Ecrire_<du jeune aviateur anglais tué le dernier jour de la guerre-434>_10175,"départ de l' histoire . Il est toujours là ,",Male
Duras-Marguerite_Ecrire_<du jeune aviateur anglais tué le dernier jour de la guerre-434>_10180,"Il est toujours là , le jeune Anglais , dans",Male
Duras-Marguerite_Ecrire_<du jeune aviateur anglais tué le dernier jour de la guerre-434>_10199,"granit . L' année après sa mort , quelqu' un",Male
Duras-Marguerite_Ecrire_<du jeune aviateur anglais tué le dernier jour de la guerre-434>_10207,"quelqu' un est venu pour le voir , ce jeune",Male
Duras-Marguerite_Ecrire_<du jeune aviateur anglais tué le dernier jour de la guerre-434>_10210,"venu pour le voir , ce jeune soldat anglais .",Male
Duras-Marguerite_Ecrire_<du jeune aviateur anglais tué le dernier jour de la guerre-434>_10239,pleurer sur la tombe de cet enfant et prier .,Male
Duras-Marguerite_Ecrire_<du jeune aviateur anglais tué le dernier jour de la guerre-434>_10253,il était le professeur de cet enfant dans un collège,Male
Duras-Marguerite_Ecrire_<du jeune aviateur anglais tué le dernier jour de la guerre-434>_10272,avait dit le nom de l' enfant . C' est,Male
Duras-Marguerite_Ecrire_<du jeune aviateur anglais tué le dernier jour de la guerre-434>_10283,qui avait dit aussi que cet enfant était un orphelin,Male
Duras-Marguerite_Ecrire_<du jeune aviateur anglais tué le dernier jour de la guerre-434>_10326,s' éterniser . Et puis il n' est plus jamais,Male
Duras-Marguerite_Ecrire_<du jeune aviateur anglais tué le dernier jour de la guerre-434>_10347,"souvenu de l' existence de cet enfant sauvage , et",Male
Duras-Marguerite_Ecrire_<du jeune aviateur anglais tué le dernier jour de la guerre-434>_10359,"d' aucuns disaient : de cet enfant fou , qui",Male
Duras-Marguerite_Ecrire_<du jeune aviateur anglais tué le dernier jour de la guerre-434>_10363,"de cet enfant fou , qui à lui seul ,",Male
Duras-Marguerite_Ecrire_<du jeune aviateur anglais tué le dernier jour de la guerre-434>_10365,"enfant fou , qui à lui seul , avait gagné",Male
Duras-Marguerite_Ecrire_<du jeune aviateur anglais tué le dernier jour de la guerre-434>_10433,avait dit le nom de l' enfant . Ce nom,Male
Duras-Marguerite_Ecrire_<du jeune aviateur anglais tué le dernier jour de la guerre-434>_10458,"le vieil homme parlait de l' enfant , il pleurait",Male
Duras-Marguerite_Ecrire_<du jeune aviateur anglais tué le dernier jour de la guerre-434>_10468,". La huitième année , il n' est pas revenu",Male
Duras-Marguerite_Ecrire_<du jeune aviateur anglais tué le dernier jour de la guerre-434>_10477,revenu . Et jamais plus il n' est revenu .,Male
Duras-Marguerite_Ecrire_<du jeune aviateur anglais tué le dernier jour de la guerre-434>_10493,"la guerre du Japon . Il était mort , lui",Male
Duras-Marguerite_Ecrire_<du jeune aviateur anglais tué le dernier jour de la guerre-434>_10497,". Il était mort , lui , sans sépulture aucune",Male
Duras-Marguerite_Ecrire_<du jeune aviateur anglais tué le dernier jour de la guerre-434>_10579,"masse des autres corps . C' est le sien ,",Male
Duras-Marguerite_Ecrire_<du jeune aviateur anglais tué le dernier jour de la guerre-434>_10584,"C' est le sien , son corps à lui ,",Male
Duras-Marguerite_Ecrire_<du jeune aviateur anglais tué le dernier jour de la guerre-434>_10587,"sien , son corps à lui , jeté dans la",Male
Duras-Marguerite_Ecrire_<du jeune aviateur anglais tué le dernier jour de la guerre-434>_10642,sur la pelouse autour de sa tombe et qu' ils,Male
Duras-Marguerite_Ecrire_<du jeune aviateur anglais tué le dernier jour de la guerre-434>_10770,"tellement personnel , cette mort du jeune aviateur anglais ,",Male
Duras-Marguerite_Ecrire_<du jeune aviateur anglais tué le dernier jour de la guerre-434>_10827,", à nous , à lui et à moi ,",Male
Duras-Marguerite_Ecrire_<du jeune aviateur anglais tué le dernier jour de la guerre-434>_10854,encore après ta mort . Le jeune mort anglais c',Male
Duras-Marguerite_Ecrire_<du jeune aviateur anglais tué le dernier jour de la guerre-434>_10858,. Le jeune mort anglais c' était tout le monde,Male
Duras-Marguerite_Ecrire_<du jeune aviateur anglais tué le dernier jour de la guerre-434>_10864,était tout le monde et c' était aussi lui seul,Male
Duras-Marguerite_Ecrire_<du jeune aviateur anglais tué le dernier jour de la guerre-434>_10867,monde et c' était aussi lui seul . C' était,Male
Duras-Marguerite_Ecrire_<du jeune aviateur anglais tué le dernier jour de la guerre-434>_10870,était aussi lui seul . C' était tout le monde,Male
Duras-Marguerite_Ecrire_<du jeune aviateur anglais tué le dernier jour de la guerre-434>_10876,était tout le monde et lui . Mais tout le,Male
Duras-Marguerite_Ecrire_<du jeune aviateur anglais tué le dernier jour de la guerre-434>_10894,"puis cette envie de voir ce jeune mort , de",Male
Duras-Marguerite_Ecrire_<du jeune aviateur anglais tué le dernier jour de la guerre-434>_10901,"mort , de vérifier sans le connaître du tout si",Male
Duras-Marguerite_Ecrire_<du jeune aviateur anglais tué le dernier jour de la guerre-434>_10910,"si ça avait bien été son visage , ce trou",Male
Duras-Marguerite_Ecrire_<du jeune aviateur anglais tué le dernier jour de la guerre-434>_10927,", cette envie de voir son corps et comment était",Male
Duras-Marguerite_Ecrire_<du jeune aviateur anglais tué le dernier jour de la guerre-434>_10932,"son corps et comment était son visage de mort ,",Male
Duras-Marguerite_Ecrire_<du jeune aviateur anglais tué le dernier jour de la guerre-434>_10945,aciers du Meteor . Est - ce qu' on pouvait,Male
Duras-Marguerite_Ecrire_<du jeune aviateur anglais tué le dernier jour de la guerre-434>_11026,de notre colère face à ce frère aîné et cela,Male
Duras-Marguerite_Ecrire_<du jeune aviateur anglais tué le dernier jour de la guerre-434>_11048,tombe est seule . Comme lui l' a été .,Male
Duras-Marguerite_Ecrire_<L' enfant mort-594>_12827,l' éternité à venir . L' enfant mort était aussi,Male
Duras-Marguerite_Ecrire_<L' enfant mort-594>_12841,guerre . Et aussi bien il aurait été un soldat,Male
Duras-Marguerite_Ecrire_<L' enfant mort-594>_12871,gens du village savaient qu' il était du nord de,Male
Duras-Marguerite_Ecrire_<L' enfant mort-594>_12887,"anglais leur avait parlé de cet enfant , ce vieux",Male
Duras-Marguerite_Ecrire_<L' enfant mort-594>_12899,"était pas le père de cet enfant , l' enfant",Male
Duras-Marguerite_Ecrire_<L' enfant mort-594>_12902,"père de cet enfant , l' enfant était orphelin ,",Male
Duras-Marguerite_Ecrire_<L' enfant mort-594>_12910,"orphelin , il devait être son professeur , ou peut",Male
Duras-Marguerite_Ecrire_<L' enfant mort-594>_12920,- être un ami de ses parents . Cet homme,Male
Duras-Marguerite_Ecrire_<L' enfant mort-594>_12926,parents . Cet homme aimait cet enfant - là .,Male
Duras-Marguerite_Ecrire_<L' enfant mort-594>_12957,avait dit le nom de l' enfant . Ce nom,Male
Duras-Marguerite_Ecrire_<L' enfant mort-594>_13047,créé autour de la mort du jeune aviateur anglais .,Male
Duras-Marguerite_Ecrire_<L' enfant mort-594>_13109,autour de l' adoration de l' enfant . Une fête,Male
Duras-Marguerite_Ecrire_<L' enfant mort-594>_13132,village connaissent l' histoire de l' enfant . Et aussi,Male
Duras-Marguerite_Ecrire_<L' enfant mort-594>_13166,", c' était pour eux cet enfant assassiné à vingt",Male
Duras-Marguerite_Ecrire_<L' enfant mort-594>_13193,"pas s' en empêcher . Le jeune aviateur disparaît ,",Male
Duras-Marguerite_Ecrire_<L' enfant mort-594>_13198,"Le jeune aviateur disparaît , il meurt d' une vraie",Male
Duras-Marguerite_Ecrire_<L' enfant mort-594>_13249,"à fait sûre – , l' enfant a été mis",Male
Duras-Marguerite_Ecrire_<L' enfant mort-594>_13280,il n' y a que sa tombe à lui .,Male
Duras-Marguerite_Ecrire_<L' enfant mort-594>_13283,a que sa tombe à lui . À l' abri,Male
Duras-Marguerite_Ecrire_<L' enfant mort-594>_13298,"ont pris le corps de l' enfant , elles ont",Male
Duras-Marguerite_Ecrire_<L' enfant mort-594>_13308,lavé le corps et elles l' ont posé à cet,Male
Duras-Marguerite_Ecrire_<L' enfant mort-594>_13410,Seule je pleure encore sur cet enfant devenu le dernier,Male
Duras-Marguerite_Ecrire_<L' enfant mort-594>_13427,inépuisable : la mort d' un enfant de vingt ans,Male
Duras-Marguerite_Ecrire_<L' enfant mort-594>_13449,Vingt ans . Je dis son âge . Je dis,Male
Duras-Marguerite_Ecrire_<L' enfant mort-594>_13455,âge . Je dis : il avait vingt ans .,Male
Duras-Marguerite_Ecrire_<L' enfant mort-594>_13460,il avait vingt ans . Il aura vingt ans pour,Male
Duras-Marguerite_Ecrire_<L' enfant mort-594>_13482,", l' Éternel ce sera cet enfant - là .",Male
Duras-Marguerite_Ecrire_<L' enfant mort-594>_13520,douleur que j' éprouve à son endroit . C' est,Male
Duras-Marguerite_Ecrire_<L' enfant mort-594>_13538,s' est posée autour de l' enfant . Ce mot,Male
Duras-Marguerite_Ecrire_<L' enfant mort-594>_13574,la mise en terre de l' enfant de vingt ans,Male
Duras-Marguerite_Ecrire_<L' enfant mort-594>_13579,l' enfant de vingt ans qui avait joué à faire,Male
Duras-Marguerite_Ecrire_<L' enfant mort-594>_13587,à faire la guerre dans son Meteor au - dessus,Male
Duras-Marguerite_Ecrire_<L' enfant mort-594>_13639,été vu . Et que l' enfant en est mort,Male
Duras-Marguerite_Ecrire_<L' enfant mort-594>_13663,autour de la mort de l' enfant . Il avait,Male
Duras-Marguerite_Ecrire_<L' enfant mort-594>_13666,"mort de l' enfant . Il avait été content ,",Male
Duras-Marguerite_Ecrire_<L' enfant mort-594>_13671,"Il avait été content , il avait été très heureux",Male
Duras-Marguerite_Ecrire_<L' enfant mort-594>_13682,"sortir de la forêt , il ne voyait aucun Allemand",Male
Duras-Marguerite_Ecrire_<L' enfant mort-594>_13688,ne voyait aucun Allemand . Il était content de voler,Male
Duras-Marguerite_Ecrire_<L' enfant mort-594>_13707,tuer les soldats allemands . Il aimait faire la guerre,Male
Duras-Marguerite_Ecrire_<L' enfant mort-594>_13713,"aimait faire la guerre , cet enfant - là ,",Male
Duras-Marguerite_Ecrire_<L' enfant mort-594>_13725,"les enfants . Mort , il était tout le temps",Male
Duras-Marguerite_Ecrire_<L' enfant mort-594>_13756,", la première nuit . Il est devenu l' enfant",Male
Duras-Marguerite_Ecrire_<L' enfant mort-594>_13766,"de ce village français , lui , l' aviateur anglais",Male
Duras-Marguerite_Ecrire_<L' enfant mort-594>_13768,"village français , lui , l' aviateur anglais . Il",Male
Duras-Marguerite_Ecrire_<L' enfant mort-594>_13772,", l' aviateur anglais . Il a signé sa mort",Male
Duras-Marguerite_Ecrire_<L' enfant mort-594>_13775,"anglais . Il a signé sa mort , ici ,",Male
Duras-Marguerite_Ecrire_<L' enfant mort-594>_13857,parce que sans fin . Cet enfant mort à la,Male
Duras-Marguerite_Ecrire_<L' enfant mort-594>_13864,"mort à la guerre , il est aussi un secret",Male
Duras-Marguerite_Ecrire_<L' enfant mort-594>_13874,de chacun de ceux qui l' ont trouvé en haut,Male
Duras-Marguerite_Ecrire_<L' enfant mort-594>_13892,arbre par la carcasse de son avion . On ne,Male
Duras-Marguerite_Ecrire_<L' enfant mort-594>_13998,pleure encore . La tombe du jeune aviateur anglais on,Male
Duras-Marguerite_Ecrire_<L' enfant mort-594>_14042,vivra comme cela à travers cet enfant disparu . Ce,Male
Duras-Marguerite_Ecrire_<L' enfant mort-594>_14061,"accès à la tombe de l' enfant . Là ,",Male
Duras-Marguerite_Ecrire_<L' enfant mort-594>_14123,sur le granit glacé de sa pierre tombale ? On,Male
Duras-Marguerite_Ecrire_<L' enfant mort-594>_14139,est devenu le village de cet enfant anglais de vingt,Male
Duras-Marguerite_Ecrire_<L' enfant mort-594>_14167,extrême porté au lieu de sa tombe sera éternel .,Male
Duras-Marguerite_Ecrire_<L' enfant mort-594>_14179,sait ça . L' éternité du jeune enfant aviateur anglais,Male
Duras-Marguerite_Ecrire_<L' enfant mort-594>_14222,vient à la bouche – il sera la fosse commune,Male
Duras-Marguerite_Ecrire_<L' enfant mort-594>_14352,toute la côte Atlantique . L' enfant est toujours resté,Male
Duras-Marguerite_Ecrire_<L' enfant mort-594>_14357,L' enfant est toujours resté lui - même . Et,Male
Duras-Marguerite_Ecrire_<L' enfant mort-594>_14384,"est le contraire . Ici c' est l' enfant ,",Male
Duras-Marguerite_Ecrire_<L' enfant mort-594>_14386,"contraire . Ici c' est l' enfant , le roi",Male
Duras-Marguerite_Ecrire_<L' enfant mort-594>_14389,"c' est l' enfant , le roi de la mort",Male
Duras-Marguerite_Ecrire_<L' enfant mort-594>_14398,mort par la guerre . C' est un roi aussi,Male
Duras-Marguerite_Ecrire_<L' enfant mort-594>_14404,est un roi aussi : c' est un enfant aussi,Male
Duras-Marguerite_Ecrire_<L' enfant mort-594>_14406,roi aussi : c' est un enfant aussi seul dans,Male
Duras-Marguerite_Ecrire_<Un homme-785>_16045,femme s' est endormie . Un homme arrive . C',Male
Duras-Marguerite_Ecrire_<Un homme-785>_16049,. Un homme arrive . C' est aussi un client,Male
Duras-Marguerite_Ecrire_<Un homme-785>_16058,client de l' hôtel . Il s' arrête . Il,Male
Duras-Marguerite_Ecrire_<Un homme-785>_16062,. Il s' arrête . Il regarde la femme qui,Male
Duras-Marguerite_Ecrire_<Un homme-785>_16069,"la femme qui dort . Il s' assied , il",Male
Duras-Marguerite_Ecrire_<Un homme-785>_16073,". Il s' assied , il cesse de la regarder",Male
Duras-Marguerite_Ecrire_<Un homme-785>_16084,La femme se réveille . L' homme lui parle dans,Male
Duras-Marguerite_Ecrire_<Un homme-785>_16093,dans la timidité : – Je vous dérange ? La,Male
Duras-Marguerite_Ecrire_<Un homme-785>_16108,ne répond pas . – Je suis un client de,Male
Duras-Marguerite_Ecrire_<Un homme-785>_16116,client de l' hôtel . Je vous vois chaque jour,Male
Duras-Marguerite_Ecrire_<Un homme-785>_16117,de l' hôtel . Je vous vois chaque jour traverser,Male
Duras-Marguerite_Ecrire_<Un homme-785>_16134,( Temps . ) Quelquefois vous vous endormez . Et,Male
Duras-Marguerite_Ecrire_<Un homme-785>_16139,vous vous endormez . Et je vous regarde . Et,Male
Duras-Marguerite_Ecrire_<Un homme-785>_16140,vous endormez . Et je vous regarde . Et vous,Male
Duras-Marguerite_Ecrire_<Un homme-785>_16151,savez . Silence . Elle le regarde . Ils se,Male
Duras-Marguerite_Ecrire_<Un homme-785>_16162,. Elle se tait . Il demande : – Vous,Male
Duras-Marguerite_Ecrire_<Un homme-785>_16166,. Il demande : – Vous avez fini l' image,Male
Duras-Marguerite_Ecrire_<Un homme-785>_16198,"en avait déjà un , je l' avais écrit avant",Male
Duras-Marguerite_Ecrire_<Un homme-785>_16219,Le trouble devient visible . Il dit à voix basse,Male
Duras-Marguerite_Ecrire_<Un homme-785>_16259,"déjà commencé ici , avec votre question sur l' image",Male
Duras-Marguerite_Ecrire_<Un homme-785>_16275,. – Comment ?– Avec votre seule question sur l',Male
Duras-Marguerite_Ecrire_<Un homme-785>_16294,film ancien a disparu de ma vie . Temps –,Male
Duras-Marguerite_Ecrire_<Un homme-785>_16306,– Après . . . vous ne savez pas .,Male
Duras-Marguerite_Ecrire_<Un homme-785>_16322,. rien . . . vous non plus . .,Male
Duras-Marguerite_Ecrire_<Un homme-785>_16337,", rien . – Et vous ?– Moi je ne",Male
Duras-Marguerite_Ecrire_<Un homme-785>_16339,. – Et vous ?– Moi je ne savais rien,Male
Duras-Marguerite_Ecrire_<Un homme-785>_16340,– Et vous ?– Moi je ne savais rien avant,Male
Duras-Marguerite_Ecrire_<Un homme-785>_16356,vers la piazza Navona . Elle dit : – Moi,Male
Duras-Marguerite_Ecrire_<Un homme-785>_16360,. Elle dit : – Moi je n' ai jamais,Male
Duras-Marguerite_Ecrire_<Un homme-785>_16361,Elle dit : – Moi je n' ai jamais su,Male
Duras-Marguerite_Ecrire_<Un homme-785>_16384,du soir . . . Vous n' étiez pas encore,Male
Duras-Marguerite_Ecrire_<Un homme-785>_16463,nus . . . – Je les regarde tous les,Male
Duras-Marguerite_Ecrire_<Un homme-785>_16495,celui de la mer . Vous le saviez . –,Male
Duras-Marguerite_Ecrire_<Un homme-785>_16500,"Vous le saviez . – Je crois , oui .",Male
Duras-Marguerite_Ecrire_<Un homme-785>_16561,faux . . . – Je ne sais pas bien,Male
Duras-Marguerite_Ecrire_<Un homme-785>_16610,le commencement . Silence . Elle reprend : – Regardez,Male
Duras-Marguerite_Ecrire_<Un homme-785>_16628,"glacée , livide . – Je la regardais . .",Male
Duras-Marguerite_Ecrire_<Un homme-785>_16658,– Oui . Ce que vous voyez dans les plis,Male
Duras-Marguerite_Ecrire_<Un homme-785>_16723,fleuves . Temps long . Elle dit : – J',Male
Duras-Marguerite_Ecrire_<Un homme-785>_16727,. Elle dit : – J' ai peur que Rome,Male
Duras-Marguerite_Ecrire_<Un homme-785>_16743,Rome a existé . – Vous êtes sûr . .,Male
Duras-Marguerite_Ecrire_<Un homme-785>_16766,même . – Comment supportez - vous cela . .,Male
Duras-Marguerite_Ecrire_<Un homme-785>_16774,. . . Silence . Elle dit à voix basse,Male
Duras-Marguerite_Ecrire_<Un homme-785>_16781,à voix basse : – Je ne sais pas quoi,Male
Duras-Marguerite_Ecrire_<Un homme-785>_16872,"doute encore , non ?– Vous avez comme une peur",Male
Duras-Marguerite_Ecrire_<Un homme-785>_16883,visible des choses . – J' ai peur comme si,Male
Duras-Marguerite_Ecrire_<Un homme-785>_16890,peur comme si de Rome j' étais atteinte . –,Male
Duras-Marguerite_Ecrire_<Un homme-785>_16917,ils baissent les yeux . Il dit : – Quelle,Male
Duras-Marguerite_Ecrire_<Un homme-785>_16927,"est cette pensée constante qui vous fait si pâle ,",Male
Duras-Marguerite_Ecrire_<Un homme-785>_16933,"fait si pâle , qui vous fait parfois vous enfermer",Male
Duras-Marguerite_Ecrire_<Un homme-785>_16949,jour . . . – Vous saviez que je dormais,Male
Duras-Marguerite_Ecrire_<Un homme-785>_16952,. – Vous saviez que je dormais mal . –,Male
Duras-Marguerite_Ecrire_<Un homme-785>_16959,mal . – Oui . Je dormais mal aussi .,Male
Duras-Marguerite_Ecrire_<Un homme-785>_16965,"dormais mal aussi . Comme vous . – Déjà ,",Male
Duras-Marguerite_Ecrire_<Un homme-785>_16970,"vous . – Déjà , vous voyez . Temps .",Male
Duras-Marguerite_Ecrire_<Un homme-785>_16982,est cette distraction dans laquelle vous êtes . – Il,Male
Duras-Marguerite_Ecrire_<Un homme-785>_16987,vous êtes . – Il m' arrive d' être constamment,Male
Duras-Marguerite_Ecrire_<Un homme-785>_17078,C' est à Rome que vous vous êtes souvenue de,Male
Duras-Marguerite_Ecrire_<Un homme-785>_17093,– Oui . Comment savez - vous ?– Je ne,Male
Duras-Marguerite_Ecrire_<Un homme-785>_17096,Comment savez - vous ?– Je ne sais pas .,Male
Duras-Marguerite_Ecrire_<Un homme-785>_17147,"Cette région du Nord , j' ai appris son existence",Male
Duras-Marguerite_Ecrire_<Un homme-785>_17188,de Rome maintenant évanouie . J' aimerais beaucoup savoir vous,Male
Duras-Marguerite_Ecrire_<Un homme-785>_17215,adorable et brève coïncidence . J' aimerais savoir vous dire,Male
Duras-Marguerite_Ecrire_<Un homme-785>_17294,mais sans vous et sans moi . Alors comment dire,Male
Duras-Marguerite_Ecrire_<Un homme-785>_17316,". Ils se taisent . Il regarde loin , rien",Male
Duras-Marguerite_Ecrire_<Un homme-785>_17334,"pas que Rome pensait , vous voyez . Elle énonçait",Male
Duras-Marguerite_Ecrire_<Elle-931>_19261,pas . . . – Elle ne parlait pas le,Female
Duras-Marguerite_Ecrire_<Elle-931>_19382,lui apprendre sa décision de l' abandonner . – C',Female
Duras-Marguerite_Ecrire_<Elle-931>_19391,C' est lui qui le lui annonce . . .,Female
Duras-Marguerite_Ecrire_<Elle-931>_19420,dans une brutalité inouïe il lui annonce que le bateau,Female
Duras-Marguerite_Ecrire_<Elle-931>_19433,"Dans quelques jours , il lui dit , elle sera",Female
Duras-Marguerite_Ecrire_<Elle-931>_19436,", il lui dit , elle sera ramenée à Césarée",Female
Duras-Marguerite_Ecrire_<Elle-931>_19453,pas faire autrement que de lui rendre sa liberté .,Female
Duras-Marguerite_Ecrire_<Elle-931>_19455,autrement que de lui rendre sa liberté . On aurait,Female
Duras-Marguerite_Ecrire_<Elle-931>_19468,"avait pleuré . Pour qu' elle vive , il dit",Female
Duras-Marguerite_Ecrire_<Elle-931>_19476,"il dit aussi , il lui faut s' éloigner de",Female
Duras-Marguerite_Ecrire_<Elle-931>_19489,dit aussi qu' il ne la reverra jamais . –,Female
Duras-Marguerite_Ecrire_<Elle-931>_19494,"la reverra jamais . – Elle , elle ne comprend",Female
Duras-Marguerite_Ecrire_<Elle-931>_19496,"jamais . – Elle , elle ne comprend pas le",Female
Duras-Marguerite_Ecrire_<Elle-931>_19507,. – Non . Mais elle voit qu' il pleure,Female
Duras-Marguerite_Ecrire_<Elle-931>_19513,voit qu' il pleure . Elle pleure parce qu' il,Female
Duras-Marguerite_Ecrire_<Elle-931>_19522,"il pleure . De quoi elle pleure , il ne",Female
Duras-Marguerite_Ecrire_<Elle-931>_19534,pas . Temps . – Elle devait mourir . Mais,Female
Duras-Marguerite_Ecrire_<Elle-931>_19541,mourir . Mais non . Elle va vivre encore .,Female
Duras-Marguerite_Ecrire_<Elle-931>_19547,va vivre encore . – Elle vit . Elle ne,Female
Duras-Marguerite_Ecrire_<Elle-931>_19550,. – Elle vit . Elle ne meurt pas .,Female
Duras-Marguerite_Ecrire_<Elle-931>_19555,Elle ne meurt pas . Elle meurt plus tard de,Female
Duras-Marguerite_Ecrire_<Elle-931>_19567,d' être à la fois la captive d' un homme,Female
Duras-Marguerite_Ecrire_<Elle-931>_19579,l' aimer . Mais aussi elle en vit jusqu' à,Female
Duras-Marguerite_Ecrire_<Elle-931>_19589,"la fin des temps . Elle vit de savoir ,",Female
Duras-Marguerite_Ecrire_<Elle-931>_19632,toujours plus fort . Et elle en meurt . –,Female
Duras-Marguerite_Ecrire_<Elle-931>_19637,elle en meurt . – Elle pleure . . .,Female
Duras-Marguerite_Ecrire_<Elle-931>_19645,. . – Oui . Elle pleure . D' abord,Female
Duras-Marguerite_Ecrire_<Elle-931>_19650,Elle pleure . D' abord elle croit pleurer sur son,Female
Duras-Marguerite_Ecrire_<Elle-931>_19654,"abord elle croit pleurer sur son royaume saccagé , sur",Female
Duras-Marguerite_Ecrire_<Elle-931>_19663,sur le vide effrayant qui l' attend . Elle reste,Female
Duras-Marguerite_Ecrire_<Elle-931>_19666,effrayant qui l' attend . Elle reste en vie parce,Female
Duras-Marguerite_Ecrire_<Elle-931>_19672,reste en vie parce qu' elle pleure . C' est,Female
Duras-Marguerite_Ecrire_<Elle-931>_19678,pleure . C' est de ses pleurs qu' elle se,Female
Duras-Marguerite_Ecrire_<Elle-931>_19681,est de ses pleurs qu' elle se nourrit . C',Female
Duras-Marguerite_Ecrire_<Elle-931>_19694,connaissance aveuglée de larmes qu' elle dit aimer cet homme,Female
Duras-Marguerite_Ecrire_<Elle-931>_19706,. – La capture d' elle par lui aurait -,Female
Duras-Marguerite_Ecrire_<Elle-931>_19710,d' elle par lui aurait - elle été la cause,Female
Duras-Marguerite_Ecrire_<Elle-931>_19716,elle été la cause de sa passion pour lui ?–,Female
Duras-Marguerite_Ecrire_<Elle-931>_19723,pour lui ?– Oui . Je dirais plutôt : la,Female
Duras-Marguerite_Ecrire_<Elle-931>_19748,"capturé par ses armées à elle , aurait été dans",Female
Duras-Marguerite_Ecrire_<Elle-931>_19770,pas . Non . Regardez - la . Elle .,Female
Duras-Marguerite_Ecrire_<Elle-931>_19773,. Regardez - la . Elle . Fermez les yeux,Female
Duras-Marguerite_Ecrire_<Elle-931>_19793,le vois . Temps . Elle dit : – Elle,Female
Duras-Marguerite_Ecrire_<Elle-931>_19797,. Elle dit : – Elle se livre d' elle,Female
Duras-Marguerite_Ecrire_<Elle-931>_19801,– Elle se livre d' elle - même au sort,Female
Duras-Marguerite_Ecrire_<Elle-931>_19810,sort qui se propose . Elle veut bien être une,Female
Duras-Marguerite_Ecrire_<Elle-931>_19817,bien être une reine . Elle veut bien être une,Female
Duras-Marguerite_Ecrire_<Elle-931>_19832,ce que lui désire qu' elle soit . – D',Female
Duras-Marguerite_Ecrire_<Elle-931>_19838,soit . – D' où lui vient ce génie en,Female
Duras-Marguerite_Ecrire_<Elle-931>_19843,lui vient ce génie en elle caché ?– Peut -,Female
Duras-Marguerite_Ecrire_<Elle-931>_19850,?– Peut - être de sa fonction royale . Peut,Female
Duras-Marguerite_Ecrire_<Elle-931>_19862,"aussi d' une disposition qu' elle a , commune avec",Female
Duras-Marguerite_Ecrire_<Vous-941>_19738,"de lui appartenir . – Vous croyez que lui ,",Female
Duras-Marguerite_Ecrire_<Vous-941>_19761,l' aimer de passion ?– Je ne le crois pas,Female
Duras-Marguerite_Ecrire_<Vous-941>_19779,. Fermez les yeux . Vous voyez cet abandon .,Female
Duras-Marguerite_Ecrire_<Vous-941>_19787,abandon . – Oui . Je le vois . Temps,Female
Duras-Marguerite_Ecrire_<Vous-941>_19905,"– En le décidant , je crois . Vous savez",Female
Duras-Marguerite_Ecrire_<Vous-941>_19908,"décidant , je crois . Vous savez , il n'",Female
Duras-Marguerite_Ecrire_<Vous-941>_19931,son royaume . Silence . Il dit : – Derrière,Female
Duras-Marguerite_Ecrire_<Vous-941>_20012,". ?– Partout , il me semble , dans les",Female
Duras-Marguerite_Ecrire_<Vous-941>_20060,"il avait peur . – Je vous en supplie ,",Female
Duras-Marguerite_Ecrire_<Vous-941>_20061,"avait peur . – Je vous en supplie , accordez",Female
Duras-Marguerite_Ecrire_<Vous-941>_20173,"de l' histoire , que je le vois très clairement",Female
Duras-Marguerite_Ecrire_<Vous-941>_20191,. – Après ?– Après je ne vois plus rien,Female
Duras-Marguerite_Ecrire_<Vous-941>_20203,. On aurait pu parler vous et moi de ce,Female
Duras-Marguerite_Ecrire_<Vous-941>_20205,aurait pu parler vous et moi de ce qui serait,Female
Duras-Marguerite_Ecrire_<Vous-941>_20215,"arrivé après , quand il lui aurait dit que le",Female
Duras-Marguerite_Ecrire_<Vous-941>_20224,le bateau allait venir pour la prendre . On aurait,Female
Duras-Marguerite_Ecrire_<Vous-941>_20241,"arrivé si le Sénat ne l' avait pas renvoyée ,",Female
Duras-Marguerite_Ecrire_<Vous-941>_20247,"avait pas renvoyée , comment elle serait morte , seule",Female
Duras-Marguerite_Ecrire_<Vous-941>_20288,"à Césarée , quand il l' avait découverte . Elle",Female
Duras-Marguerite_Ecrire_<Vous-941>_20292,il l' avait découverte . Elle a vingt ans .,Female
Duras-Marguerite_Ecrire_<Vous-941>_20298,a vingt ans . Il l' emporte pour l' épouser,Female
Duras-Marguerite_Ecrire_<Vous-941>_20301,. Il l' emporte pour l' épouser . Pour toujours,Female
Duras-Marguerite_Ecrire_<Vous-941>_20315,"pas que c' est pour la tuer , l' épouser",Female
Duras-Marguerite_Ecrire_<Vous-941>_20318,"est pour la tuer , l' épouser il dit ,",Female
Duras-Marguerite_Ecrire_<Vous-941>_20332,encore que c' est pour la tuer . On aurait,Female
Duras-Marguerite_Ecrire_<Vous-941>_20381,"où . Comment éviter de la voir , elle ,",Female
Duras-Marguerite_Ecrire_<Vous-941>_20384,"éviter de la voir , elle , de la voir",Female
Duras-Marguerite_Ecrire_<Vous-941>_20387,"voir , elle , de la voir elle , cette",Female
Duras-Marguerite_Ecrire_<Vous-941>_20389,"elle , de la voir elle , cette reine si",Female
Duras-Marguerite_Ecrire_<Vous-941>_20391,"de la voir elle , cette reine si jeune encore",Female
Duras-Marguerite_Ecrire_<Vous-941>_20406,". Grande . Morte , elle est encore grande .",Female
Duras-Marguerite_Ecrire_<Vous-941>_20493,on ne sait plus . Elle est haute encore .,Female
Duras-Marguerite_Ecrire_<Vous-941>_20498,Elle est haute encore . Elle est grande . Mince,Female
Duras-Marguerite_Ecrire_<Vous-941>_20514,"de la mort même , elle est devenue . Les",Female
Duras-Marguerite_Ecrire_<Vous-941>_20557,". . . Non , ses yeux sont encore noyés",Female
Duras-Marguerite_Ecrire_<Vous-941>_20566,noyés dans les larmes de sa jeunesse maintenant ancienne .,Female
Duras-Marguerite_Ecrire_<Vous-941>_20598,"la soie , fragile . Elle est devenue comme le",Female
Duras-Marguerite_Ecrire_<Vous-941>_20610,sources . Morte est redevenue la Reine de Césarée .,Female
Duras-Marguerite_Ecrire_<Vous-941>_20615,"la Reine de Césarée . Cette femme ordinaire , la",Female
Duras-Marguerite_Ecrire_<Vous-941>_20619,". Cette femme ordinaire , la Reine de Samarie .",Female
Duras-Marguerite_Ecrire_<Vous-941>_20660,homme aurait dit qu' il l' avait aimée dès qu',Female
Duras-Marguerite_Ecrire_<Vous-941>_20666,avait aimée dès qu' il l' avait vue allongée sur,Female
Duras-Marguerite_Ecrire_<Vous-941>_20689,Il avait dit aussi qu' elle s' était endormie devant,Female
Duras-Marguerite_Ecrire_<Vous-941>_20712,il s' était éloigné d' elle à cause de cette,Female
Duras-Marguerite_Ecrire_<je-919>_18987,mots - là . Mais je ne vous ai pas,Neutral
Duras-Marguerite_Ecrire_<je-919>_19052,jouent les enfants . – Vous aviez parlé d' un,Neutral
Duras-Marguerite_Ecrire_<je-919>_19064,", dans ce film ?– Je ne sais plus .",Neutral
Duras-Marguerite_Ecrire_<je-919>_19069,Je ne sais plus . J' ai parlé d' un,Neutral
Duras-Marguerite_Ecrire_<je-919>_19077,"d' un amour vivant il me semble , mais seulement",Neutral
Duras-Marguerite_Ecrire_<je-919>_19184,auraient enfin pleuré . – Vous parlez des amants du,Neutral
Duras-Marguerite_Ecrire_<je-919>_19197,Sans doute . Oui . Je ne sais pas de,Neutral
Duras-Marguerite_Ecrire_<je-919>_19203,ne sais pas de qui je parle . Aussi bien,Neutral
Duras-Marguerite_Ecrire_<je-919>_19208,je parle . Aussi bien je parle de ceux -,Neutral
Duras-Marguerite_Ecrire_<je-919>_19229,regardent plus . Et puis il dit : – Pas,Neutral
Duras-Marguerite_Ecrire_<je-919>_19268,parlait pas le romain . Il ne parlait pas la,Neutral
Duras-Marguerite_Ecrire_<je-919>_19322,"bestial , cruel . – Moi je crois , oui",Neutral
Duras-Marguerite_Ecrire_<je-919>_19323,", cruel . – Moi je crois , oui ,",Neutral
Duras-Marguerite_Ecrire_<je-919>_19342,"amour bestial , cruel . Je le crois comme s'",Neutral
Duras-Marguerite_Ecrire_<je-919>_19364,"Sénat se renseigne et il le relaie , lui ,",Neutral
Duras-Marguerite_Ecrire_<je-919>_19367,"et il le relaie , lui , le chef romain",Neutral
Duras-Marguerite_Ecrire_<je-919>_19369,"le relaie , lui , le chef romain , dans",Neutral
Duras-Marguerite_Ecrire_<je-919>_19379,cette corvée de lui apprendre sa décision de l' abandonner,Neutral
Duras-Marguerite_Ecrire_<je-919>_19388,abandonner . – C' est lui qui le lui annonce,Neutral
Duras-Marguerite_Ecrire_<je-919>_19409,C' est très rapide . Il vient dans ses appartements,Neutral
Duras-Marguerite_Ecrire_<je-919>_19412,rapide . Il vient dans ses appartements et dans une,Neutral
Duras-Marguerite_Ecrire_<je-919>_19419,et dans une brutalité inouïe il lui annonce que le,Neutral
Duras-Marguerite_Ecrire_<je-919>_19432,". Dans quelques jours , il lui dit , elle",Neutral
Duras-Marguerite_Ecrire_<je-919>_19442,sera ramenée à Césarée . Il dit qu' il ne,Neutral
Duras-Marguerite_Ecrire_<je-919>_19445,Césarée . Il dit qu' il ne peut pas faire,Neutral
Duras-Marguerite_Ecrire_<je-919>_19462,. On aurait dit qu' il avait pleuré . Pour,Neutral
Duras-Marguerite_Ecrire_<je-919>_19471,"Pour qu' elle vive , il dit aussi , il",Neutral
Duras-Marguerite_Ecrire_<je-919>_19481,lui faut s' éloigner de lui . Il dit aussi,Neutral
Duras-Marguerite_Ecrire_<je-919>_19483,s' éloigner de lui . Il dit aussi qu' il,Neutral
Duras-Marguerite_Ecrire_<je-919>_19487,. Il dit aussi qu' il ne la reverra jamais,Neutral
Duras-Marguerite_Ecrire_<je-919>_19510,. Mais elle voit qu' il pleure . Elle pleure,Neutral
Duras-Marguerite_Ecrire_<je-919>_19517,. Elle pleure parce qu' il pleure . De quoi,Neutral
Duras-Marguerite_Ecrire_<je-919>_19525,"De quoi elle pleure , il ne le sait pas",Neutral
