,text_surronding,Gender
Gide-Andre_Les-nouvelles-nourritures_<le-346>_11537,"amour . RENCONTRES J' ALLAI le voir , dans ce",male
Gide-Andre_Les-nouvelles-nourritures_<le-346>_11546,ce village du Valais où il achevait censément sa convalescence,male
Gide-Andre_Les-nouvelles-nourritures_<le-346>_11549,"Valais où il achevait censément sa convalescence , où ,",male
Gide-Andre_Les-nouvelles-nourritures_<le-346>_11557,"où , en réalité , il se préparait à mourir",male
Gide-Andre_Les-nouvelles-nourritures_<le-346>_11565,à mourir . La maladie l' avait à ce point,male
Gide-Andre_Les-nouvelles-nourritures_<le-346>_11573,ce point changé que je le reconnus à peine .,male
Gide-Andre_Les-nouvelles-nourritures_<le-346>_11595,"du tout , me dit - il . Chaque organe",male
Gide-Andre_Les-nouvelles-nourritures_<le-346>_11623,la rate … Quant à mon genou ! … Par,male
Gide-Andre_Les-nouvelles-nourritures_<le-346>_11631,"… Par curiosité , regarde - le . Et ,",male
Gide-Andre_Les-nouvelles-nourritures_<le-346>_11639,"Et , relevant à demi ses couvertures , ramenant sa",male
Gide-Andre_Les-nouvelles-nourritures_<le-346>_11643,"demi ses couvertures , ramenant sa maigre jambe en avant",male
Gide-Andre_Les-nouvelles-nourritures_<le-346>_11649,"maigre jambe en avant , il découvrit une sorte de",male
Gide-Andre_Les-nouvelles-nourritures_<le-346>_11664,"de l' articulation . Comme il transpirait beaucoup , sa",male
Gide-Andre_Les-nouvelles-nourritures_<le-346>_11668,"Comme il transpirait beaucoup , sa chemise était collée au",male
Gide-Andre_Les-nouvelles-nourritures_<le-346>_11677,au corps et laissait paraître sa maigreur . Je tâchai,male
Gide-Andre_Les-nouvelles-nourritures_<le-346>_11694,. – De toute manière tu savais que tu en,male
Gide-Andre_Les-nouvelles-nourritures_<le-346>_11697,toute manière tu savais que tu en avais pour longtemps,male
Gide-Andre_Les-nouvelles-nourritures_<le-346>_11707,"avant de te remettre , lui dis - je .",male
Gide-Andre_Les-nouvelles-nourritures_<le-346>_11713,"dis - je . Mais tu es bien , ici",male
Gide-Andre_Les-nouvelles-nourritures_<le-346>_11740,"Excellente . Et ce qui me sauve , c' est",male
Gide-Andre_Les-nouvelles-nourritures_<le-346>_11746,"sauve , c' est que je digère encore bien .",male
Gide-Andre_Les-nouvelles-nourritures_<le-346>_11755,". Depuis quelques jours , j' ai même repris du",male
Gide-Andre_Les-nouvelles-nourritures_<le-346>_11762,même repris du poids . J' ai moins de fièvre,male
Gide-Andre_Les-nouvelles-nourritures_<le-346>_11773,"Oh ! somme toute , je vais sensiblement mieux .",male
Gide-Andre_Les-nouvelles-nourritures_<le-346>_11783,Un semblant de sourire tira ses traits et je compris,male
Gide-Andre_Les-nouvelles-nourritures_<le-346>_11789,traits et je compris qu' il n' avait peut -,male
Gide-Andre_Les-nouvelles-nourritures_<le-346>_11827,"larmes , que je voulais lui cacher , emplissaient mes",male
Gide-Andre_Les-nouvelles-nourritures_<le-346>_11834,", emplissaient mes yeux . Tu vas pouvoir t' installer",male
Gide-Andre_Les-nouvelles-nourritures_<le-346>_11844,dans le jardin . – J' y descends déjà pour,male
Gide-Andre_Les-nouvelles-nourritures_<le-346>_11868,est que le dîner que je fais monter dans ma,male
Gide-Andre_Les-nouvelles-nourritures_<le-346>_11872,que je fais monter dans ma chambre . Le déjeuner,male
Gide-Andre_Les-nouvelles-nourritures_<le-346>_11878,"chambre . Le déjeuner , je me force à le",male
Gide-Andre_Les-nouvelles-nourritures_<le-346>_11892,commune et jusqu' à présent je n' y ai manqué,male
Gide-Andre_Les-nouvelles-nourritures_<le-346>_11914,les deux étages ; mais je prends mon temps :,male
Gide-Andre_Les-nouvelles-nourritures_<le-346>_11916,étages ; mais je prends mon temps : pas plus,male
Gide-Andre_Les-nouvelles-nourritures_<le-346>_11947,vingt minutes . Mais cela me fait prendre un peu,male
Gide-Andre_Les-nouvelles-nourritures_<le-346>_11956,"peu d' exercice ; et je suis si content ,",male
Gide-Andre_Les-nouvelles-nourritures_<le-346>_11965,", ensuite , de retrouver mon lit ! Puis cela",male
Gide-Andre_Les-nouvelles-nourritures_<le-346>_11981,"chambre . Mais surtout , j' ai peur de me",male
Gide-Andre_Les-nouvelles-nourritures_<le-346>_11991,laisser aller … Tu regardes mes livres ? … Oui,male
Gide-Andre_Les-nouvelles-nourritures_<le-346>_12007,. Ce petit livre ne me quitte pas . Tu,male
Gide-Andre_Les-nouvelles-nourritures_<le-346>_12022,consolation et l' encouragement que j' y trouve . Ceci,male
Gide-Andre_Les-nouvelles-nourritures_<le-346>_12027,j' y trouve . Ceci me toucha plus qu' aucun,male
Gide-Andre_Les-nouvelles-nourritures_<le-346>_12038,qu' on eût jamais pu me faire ; car je,male
Gide-Andre_Les-nouvelles-nourritures_<le-346>_12042,"pu me faire ; car je craignais , je l'",male
Gide-Andre_Les-nouvelles-nourritures_<le-346>_12045,"; car je craignais , je l' avoue , que",male
Gide-Andre_Les-nouvelles-nourritures_<le-346>_12050,"je l' avoue , que mon livre ne pût trouver",male
Gide-Andre_Les-nouvelles-nourritures_<le-346>_12065,". – Oui , reprit - il , même dans",male
Gide-Andre_Les-nouvelles-nourritures_<le-346>_12070,"- il , même dans mon état , quand je",male
Gide-Andre_Les-nouvelles-nourritures_<le-346>_12074,"dans mon état , quand je suis dans le jardin",male
Gide-Andre_Les-nouvelles-nourritures_<le-346>_12083,"jardin près de fleurir , je voudrais , comme Faust",male
Gide-Andre_Les-nouvelles-nourritures_<le-346>_12109,"- toi . » Tout me paraît alors harmonieux ,",male
Gide-Andre_Les-nouvelles-nourritures_<le-346>_12118,", suave … Ce qui me gêne , c' est",male
Gide-Andre_Les-nouvelles-nourritures_<le-346>_12125,", c' est de faire moi - même comme une",male
Gide-Andre_Les-nouvelles-nourritures_<le-346>_12143,tache dans ce tableau … J' aurais tant voulu être,male
Gide-Andre_Les-nouvelles-nourritures_<le-346>_12151,voulu être beau ! » Il demeura quelque temps sans,male
Gide-Andre_Les-nouvelles-nourritures_<le-346>_12187,"plus basse et , semblait - il , craintivement :",male
Gide-Andre_Les-nouvelles-nourritures_<le-346>_12193,"il , craintivement : – Je voudrais bien que tu",male
Gide-Andre_Les-nouvelles-nourritures_<le-346>_12197,– Je voudrais bien que tu donnes de mes nouvelles,male
Gide-Andre_Les-nouvelles-nourritures_<le-346>_12200,bien que tu donnes de mes nouvelles à mes parents,male
Gide-Andre_Les-nouvelles-nourritures_<le-346>_12203,donnes de mes nouvelles à mes parents . Moi j',male
Gide-Andre_Les-nouvelles-nourritures_<le-346>_12206,nouvelles à mes parents . Moi j' en suis à,male
Gide-Andre_Les-nouvelles-nourritures_<le-346>_12207,à mes parents . Moi j' en suis à ne,male
Gide-Andre_Les-nouvelles-nourritures_<le-346>_12231,"lettre qu' elle reçoit de moi , ma mère me",male
Gide-Andre_Les-nouvelles-nourritures_<le-346>_12233,"elle reçoit de moi , ma mère me répond aussitôt",male
Gide-Andre_Les-nouvelles-nourritures_<le-346>_12235,"de moi , ma mère me répond aussitôt que ,",male
Gide-Andre_Les-nouvelles-nourritures_<le-346>_12241,"répond aussitôt que , si je suis malade , c'",male
Gide-Andre_Les-nouvelles-nourritures_<le-346>_12248,"malade , c' est pour mon bien ; que c'",male
Gide-Andre_Les-nouvelles-nourritures_<le-346>_12255,; que c' est pour mon salut que Dieu me,male
Gide-Andre_Les-nouvelles-nourritures_<le-346>_12259,pour mon salut que Dieu me gratifie de ces souffrances,male
Gide-Andre_Les-nouvelles-nourritures_<le-346>_12266,de ces souffrances ; que je devrais m' en instruire,male
Gide-Andre_Les-nouvelles-nourritures_<le-346>_12280,"que , seulement ensuite , je mériterai de guérir .",male
Gide-Andre_Les-nouvelles-nourritures_<le-346>_12286,mériterai de guérir . Alors je lui dis invariablement que,male
Gide-Andre_Les-nouvelles-nourritures_<le-346>_12291,"je lui dis invariablement que je vais mieux , pour",male
Gide-Andre_Les-nouvelles-nourritures_<le-346>_12301,éviter ces considérations … qui m' emplissent le cœur de,male
Gide-Andre_Les-nouvelles-nourritures_<le-346>_12309,"cœur de blasphème . Écris - lui , toi .",male
Gide-Andre_Les-nouvelles-nourritures_<le-346>_12312,". Écris - lui , toi . – Ce matin",male
Gide-Andre_Les-nouvelles-nourritures_<le-346>_12322,"même ce sera fait , lui dis - je en",male
Gide-Andre_Les-nouvelles-nourritures_<le-346>_12324,"sera fait , lui dis - je en prenant sa",male
Gide-Andre_Les-nouvelles-nourritures_<le-346>_12328,dis - je en prenant sa main moite . –,male
Gide-Andre_Les-nouvelles-nourritures_<le-346>_12341,serre pas trop fort ; tu me fais mal .,male
Gide-Andre_Les-nouvelles-nourritures_<le-346>_12342,pas trop fort ; tu me fais mal . Il,male
Gide-Andre_Les-nouvelles-nourritures_<le-346>_12346,tu me fais mal . Il souriait . II Notre,male
Gide-Andre_Les-nouvelles-nourritures_<le-346>_12349,"mal . Il souriait . II Notre littérature , et",male
Gide-Andre_Les-nouvelles-nourritures_<le-346>_12405,qui pâlissait avantageusement le front du poète et chargeait de,male
Gide-Andre_Les-nouvelles-nourritures_<le-346>_12411,poète et chargeait de nostalgie son regard . Il entrait,male
Gide-Andre_Les-nouvelles-nourritures_<le-346>_12414,de nostalgie son regard . Il entrait là - dedans,male
Gide-Andre_Les-nouvelles-nourritures_<le-346>_12468,de la profondeur . Pour moi qui toujours préférai Bach,male
Gide-Andre_Les-nouvelles-nourritures_<le-346>_12469,la profondeur . Pour moi qui toujours préférai Bach et,male
Gide-Andre_Les-nouvelles-nourritures_<le-346>_12478,"et Mozart à Beethoven , je tiens pour impie le",male
Gide-Andre_Les-nouvelles-nourritures_<le-346>_12503,"beaux » , et n' admets pas que l' homme",male
Gide-Andre_Les-nouvelles-nourritures_<le-346>_12520,"laisse abattre . Oui , je sais qu' il entre",male
Gide-Andre_Les-nouvelles-nourritures_<le-346>_12523,"Oui , je sais qu' il entre là - dedans",male
Gide-Andre_Les-nouvelles-nourritures_<le-346>_12537,d' abandon au naturel . Je sais que Prométhée souffre,male
Gide-Andre_Les-nouvelles-nourritures_<le-346>_12566,"avoir aimé les hommes . Je sais que , seul",male
Gide-Andre_Les-nouvelles-nourritures_<le-346>_12604,maintenaient l' humanité courbée . Je sais qu' il est,male
Gide-Andre_Les-nouvelles-nourritures_<le-346>_12694,ne devons plus admettre . Je n' admets pas davantage,male
Gide-Andre_Les-nouvelles-nourritures_<le-346>_12808,"entente et d' amour , je songe aux jardins que",male
Gide-Andre_Les-nouvelles-nourritures_<le-346>_12850,la joie de tous . Je songe à ce que,male
Gide-Andre_Les-nouvelles-nourritures_<le-346>_12927,"y a identité . Il me semble que , naturaliste",male
Gide-Andre_Les-nouvelles-nourritures_<le-346>_12933,"semble que , naturaliste , j' aurais dirigé vers cette",male
Gide-Andre_Les-nouvelles-nourritures_<le-346>_12947,", toutes les interrogations de mon esprit . S' il",male
Gide-Andre_Les-nouvelles-nourritures_<le-346>_13049,"deviendrait jamais papillon . * Je sens bien , à",male
Gide-Andre_Les-nouvelles-nourritures_<le-346>_13055,"sens bien , à travers ma diversité , une constance",male
Gide-Andre_Les-nouvelles-nourritures_<le-346>_13063,une constance ; ce que je sens divers c' est,male
Gide-Andre_Les-nouvelles-nourritures_<le-346>_13069,sens divers c' est toujours moi . Mais précisément parce,male
Gide-Andre_Les-nouvelles-nourritures_<le-346>_13075,. Mais précisément parce que je sais et sens qu',male
Gide-Andre_Les-nouvelles-nourritures_<le-346>_13078,"parce que je sais et sens qu' elle existe ,",male
Gide-Andre_Les-nouvelles-nourritures_<le-346>_13092,"chercher à l' obtenir ? Je me suis , tout",male
Gide-Andre_Les-nouvelles-nourritures_<le-346>_13100,", tout le long de ma vie , refusé de",male
Gide-Andre_Les-nouvelles-nourritures_<le-346>_13107,", refusé de chercher à me connaître ; c' est",male
Gide-Andre_Les-nouvelles-nourritures_<le-346>_13119,- dire : refusé de me chercher . Il m',male
Gide-Andre_Les-nouvelles-nourritures_<le-346>_13123,de me chercher . Il m' a paru que cette,male
Gide-Andre_Les-nouvelles-nourritures_<le-346>_13198,soucieux de ressembler ensuite à soi - même et que,male
Gide-Andre_Les-nouvelles-nourritures_<le-346>_13218,insaisissable devenir . L' inconséquence me déplaît moins que certaine,male
Gide-Andre_Les-nouvelles-nourritures_<le-346>_13233,volonté de demeurer fidèle à soi - même et que,male
Gide-Andre_Les-nouvelles-nourritures_<le-346>_13244,crainte de se couper . Je crois du reste que,male
Gide-Andre_Les-nouvelles-nourritures_<le-346>_13265,quelque continuité plus cachée . Je crois aussi qu' ici,male
Gide-Andre_Les-nouvelles-nourritures_<le-346>_13313,"qui reste informulé . III J' ai parfois , j'",male
Gide-Andre_Les-nouvelles-nourritures_<le-346>_13317,"III J' ai parfois , j' ai souvent , par",male
Gide-Andre_Les-nouvelles-nourritures_<le-346>_13331,"autrui plus de mal que je ne pensais et ,",male
Gide-Andre_Les-nouvelles-nourritures_<le-346>_13344,dit plus de bien que je ne pensais de beaucoup,male
Gide-Andre_Les-nouvelles-nourritures_<le-346>_13361,par crainte d' indisposer contre moi leurs auteurs . J',male
Gide-Andre_Les-nouvelles-nourritures_<le-346>_13365,contre moi leurs auteurs . J' ai parfois souri à,male
Gide-Andre_Les-nouvelles-nourritures_<le-346>_13373,souri à des gens que je ne trouvais pas du,male
Gide-Andre_Les-nouvelles-nourritures_<le-346>_13389,spirituels des propos niais . J' ai feint de m',male
Gide-Andre_Les-nouvelles-nourritures_<le-346>_13400,", parfois , alors que je m' embêtais à mort",male
Gide-Andre_Les-nouvelles-nourritures_<le-346>_13407,embêtais à mort et que je n' avais pas la,male
Gide-Andre_Les-nouvelles-nourritures_<le-346>_13421,aller parce que l' on me disait : reste encore,male
Gide-Andre_Les-nouvelles-nourritures_<le-346>_13427,disait : reste encore … J' ai trop souvent permis,male
Gide-Andre_Les-nouvelles-nourritures_<le-346>_13433,ai trop souvent permis à ma raison d' arrêter l',male
Gide-Andre_Les-nouvelles-nourritures_<le-346>_13440,"d' arrêter l' élan de mon cœur . Et ,",male
Gide-Andre_Les-nouvelles-nourritures_<le-346>_13450,"par contre , alors que mon cœur se taisait ,",male
Gide-Andre_Les-nouvelles-nourritures_<le-346>_13455,"mon cœur se taisait , j' ai trop souvent parlé",male
Gide-Andre_Les-nouvelles-nourritures_<le-346>_13463,"souvent parlé quand même . J' ai parfois , pour",male
Gide-Andre_Les-nouvelles-nourritures_<le-346>_13480,"Et , par contre , je n' ai pas toujours",male
Gide-Andre_Les-nouvelles-nourritures_<le-346>_13489,toujours osé faire ce que je pensais devoir faire mais,male
Gide-Andre_Les-nouvelles-nourritures_<le-346>_13516,vaine occupation du vieillard . Je me le dis ;,male
Gide-Andre_Les-nouvelles-nourritures_<le-346>_13522,me le dis ; pourtant j' y cède . Vous,male
Gide-Andre_Les-nouvelles-nourritures_<le-346>_13527,"j' y cède . Vous m' y encouragez , estimant",male
Gide-Andre_Les-nouvelles-nourritures_<le-346>_13552,"méprenez sur la nature de mes regrets , de mes",male
Gide-Andre_Les-nouvelles-nourritures_<le-346>_13556,"de mes regrets , de mes remords . C' est",male
Gide-Andre_Les-nouvelles-nourritures_<le-346>_13569,"« non acti » qui me tourmente , de tout",male
Gide-Andre_Les-nouvelles-nourritures_<le-346>_13577,de tout ce que durant ma jeunesse j' aurais pu,male
Gide-Andre_Les-nouvelles-nourritures_<le-346>_13579,"ce que durant ma jeunesse j' aurais pu faire ,",male
Gide-Andre_Les-nouvelles-nourritures_<le-346>_13584,"j' aurais pu faire , j' aurais dû faire ,",male
Gide-Andre_Les-nouvelles-nourritures_<le-346>_13599,; cette morale à laquelle je ne crois plus ;,male
Gide-Andre_Les-nouvelles-nourritures_<le-346>_13606,crois plus ; à laquelle je croyais bon de me,male
Gide-Andre_Les-nouvelles-nourritures_<le-346>_13617,alors qu' elle était pour moi le {3} plus gênante,male
Gide-Andre_Les-nouvelles-nourritures_<le-346>_13626,"gênante , de sorte que je donnais à l' orgueil",male
Gide-Andre_Les-nouvelles-nourritures_<le-346>_13634,l' orgueil cette satisfaction que je refusais à ma chair,male
Gide-Andre_Les-nouvelles-nourritures_<le-346>_13637,satisfaction que je refusais à ma chair . Car c',male
Gide-Andre_Les-nouvelles-nourritures_<le-346>_13726,"que vous appeliez , que j' appelais avec vous :",male
Gide-Andre_Les-nouvelles-nourritures_<le-346>_13737,", ce sont elles que je regrette ; et ,",male
Gide-Andre_Les-nouvelles-nourritures_<le-346>_13743,"regrette ; et , si je me repens aujourd' hui",male
Gide-Andre_Les-nouvelles-nourritures_<le-346>_13773,"d' autres , après lesquelles j' ai couru , plus",male
Gide-Andre_Les-nouvelles-nourritures_<le-346>_13791,et de moindre profit pour ma pensée . Je me,male
Gide-Andre_Les-nouvelles-nourritures_<le-346>_13794,profit pour ma pensée . Je me repens d' avoir,male
Gide-Andre_Les-nouvelles-nourritures_<le-346>_13800,"me repens d' avoir assombri ma jeunesse , d' avoir",male
Gide-Andre_Les-nouvelles-nourritures_<le-346>_13812,"imaginaire au réel , de m' être détourné de la",male
Gide-Andre_Les-nouvelles-nourritures_<le-346>_13952,Saisis l' instant ! * Je m' installe dans ce,male
Gide-Andre_Les-nouvelles-nourritures_<le-346>_13962,"point de l' espace que j' occupe , dans ce",male
Gide-Andre_Les-nouvelles-nourritures_<le-346>_13973,précis de la durée . Je n' admets point qu',male
Gide-Andre_Les-nouvelles-nourritures_<le-346>_13984,ne soit point crucial . J' étends mes bras de,male
Gide-Andre_Les-nouvelles-nourritures_<le-346>_13986,point crucial . J' étends mes bras de toute leur,male
Gide-Andre_Les-nouvelles-nourritures_<le-346>_13993,de toute leur longueur . Je dis : voici le,male
Gide-Andre_Les-nouvelles-nourritures_<le-346>_14003,"sud , le nord … Je suis effet ; je",male
Gide-Andre_Les-nouvelles-nourritures_<le-346>_14007,… Je suis effet ; je serai cause . Cause,male
Gide-Andre_Les-nouvelles-nourritures_<le-346>_14023,se représentera jamais plus . Je suis ; mais je,male
Gide-Andre_Les-nouvelles-nourritures_<le-346>_14027,. Je suis ; mais je veux trouver raison d',male
Gide-Andre_Les-nouvelles-nourritures_<le-346>_14034,trouver raison d' être . Je veux savoir pour quoi,male
Gide-Andre_Les-nouvelles-nourritures_<le-346>_14039,Je veux savoir pour quoi je vis . * La,male
Gide-Andre_Les-nouvelles-nourritures_<le-346>_14158,considération la mieux capable de m' enlever toute joie de,male
Gide-Andre_Les-nouvelles-nourritures_<le-346>_14178,"possible , la vie ne m' est plus d' aucun",male
Gide-Andre_Les-nouvelles-nourritures_<le-346>_14186,d' aucun prix – et je fais miennes ces paroles,male
Gide-Andre_Les-nouvelles-nourritures_<le-346>_14192,fais miennes ces paroles que je prêtais à l' Alissa,male
Gide-Andre_Les-nouvelles-nourritures_<le-346>_14198,prêtais à l' Alissa de ma Porte Étroite : «,male
Gide-Andre_Les-nouvelles-nourritures_<le-346>_14209,"bienheureux qu' il soit , je ne puis souhaiter un",male
Gide-Andre_Les-nouvelles-nourritures_<le-346>_14219,état sans progrès … et ferais fi d' une joie,male
Gide-Andre_Les-nouvelles-nourritures_<le-346>_14360,"la joie , devint bientôt mon exigence et la réclamation",male
Gide-Andre_Les-nouvelles-nourritures_<le-346>_14366,exigence et la réclamation de mon indispensable bonheur . Comme,male
Gide-Andre_Les-nouvelles-nourritures_<le-346>_14377,du bonheur d' autrui seulement je dusse former le mien,male
Gide-Andre_Les-nouvelles-nourritures_<le-346>_14390,en connaissant plus d' autre moi - même que celui,male
Gide-Andre_Les-nouvelles-nourritures_<le-346>_14396,- même que celui que je pouvais goûter par sympathie,male
Gide-Andre_Les-nouvelles-nourritures_<le-346>_14412,"dire . Et tout ceci me parut , par là",male
Gide-Andre_Les-nouvelles-nourritures_<celui qui vient d' entrer-161>_4781,! méfiez - vous de celui qui vient d' entrer,male
Gide-Andre_Les-nouvelles-nourritures_<celui qui vient d' entrer-161>_4782,"méfiez - vous de celui qui vient d' entrer ,",male
Gide-Andre_Les-nouvelles-nourritures_<celui qui vient d' entrer-161>_4788,"vient d' entrer , fit - il en changeant de",male
Gide-Andre_Les-nouvelles-nourritures_<celui qui vient d' entrer-161>_4805,côté par la manche . C' est un vieux daim,male
Gide-Andre_Les-nouvelles-nourritures_<celui qui vient d' entrer-161>_4807,la manche . C' est un vieux daim qui n',male
Gide-Andre_Les-nouvelles-nourritures_<celui qui vient d' entrer-161>_4810,C' est un vieux daim qui n' a jamais rien,male
Gide-Andre_Les-nouvelles-nourritures_<celui qui vient d' entrer-161>_4818,"jamais rien découvert , mais qui voudrait piller les autres",male
Gide-Andre_Les-nouvelles-nourritures_<celui qui vient d' entrer-161>_4828,". Pas un mot devant lui , je vous prie",male
Gide-Andre_Les-nouvelles-nourritures_<celui qui vient d' entrer-161>_4834,", je vous prie ( c' était mon ami C",male
Gide-Andre_Les-nouvelles-nourritures_<celui qui vient d' entrer-161>_4841,"mon ami C … , médecin en chef de l'",male
Gide-Andre_Les-nouvelles-nourritures_<celui qui vient d' entrer-161>_4851,hospice ) . Voyez comme il interroge ce pauvre abbé,male
Gide-Andre_Les-nouvelles-nourritures_<celui qui vient d' entrer-161>_4865,"sous un costume civil , ce gentleman là - bas",male
Gide-Andre_Les-nouvelles-nourritures_<celui qui vient d' entrer-161>_4871,"gentleman là - bas , c' est un prêtre .",male
Gide-Andre_Les-nouvelles-nourritures_<celui qui vient d' entrer-161>_4876,"c' est un prêtre . Un grand inventeur , lui",male
Gide-Andre_Les-nouvelles-nourritures_<celui qui vient d' entrer-161>_4880,". Un grand inventeur , lui aussi . C' est",male
Gide-Andre_Les-nouvelles-nourritures_<celui qui vient d' entrer-161>_4908,"grandes choses ; quand je lui parle , c' est",male
Gide-Andre_Les-nouvelles-nourritures_<celui qui vient d' entrer-161>_4915,", c' est comme s' il me répondait en chinois",male
Gide-Andre_Les-nouvelles-nourritures_<celui qui vient d' entrer-161>_4927,"ailleurs , depuis quelque temps il me fuit . Vous",male
Gide-Andre_Les-nouvelles-nourritures_<celui qui vient d' entrer-161>_4933,me fuit . Vous irez le trouver tout à l',male
Gide-Andre_Les-nouvelles-nourritures_<celui qui vient d' entrer-161>_4941,"à l' heure , quand le vieux daim l' aura",male
Gide-Andre_Les-nouvelles-nourritures_<celui qui vient d' entrer-161>_4944,", quand le vieux daim l' aura quitté . Vous",male
Gide-Andre_Les-nouvelles-nourritures_<celui qui vient d' entrer-161>_4951,quitté . Vous verrez : il sait des choses curieuses,male
Gide-Andre_Les-nouvelles-nourritures_<celui qui vient d' entrer-161>_4959,choses curieuses ; et s' il ne manquait pas de,male
Gide-Andre_Les-nouvelles-nourritures_<celui qui vient d' entrer-161>_4971,"les idées … Tenez , le voici seul à présent",male
Gide-Andre_Les-nouvelles-nourritures_<celui qui vient d' entrer-161>_4992,m' ayez dit ce que vous avez inventé . –,male
Gide-Andre_Les-nouvelles-nourritures_<celui qui vient d' entrer-161>_5002,Vous voulez le savoir ? Il se pencha vers moi,male
Gide-Andre_Les-nouvelles-nourritures_<celui qui vient d' entrer-161>_5011,"moi d' abord , puis rejeta brusquement le torse en",male
Gide-Andre_Les-nouvelles-nourritures_<celui qui vient d' entrer-161>_5030,d' étrange gravité : – Je suis l' inventeur du,male
Gide-Andre_Les-nouvelles-nourritures_<celui qui vient d' entrer-161>_5032,gravité : – Je suis l' inventeur du bouton .,male
Gide-Andre_Les-nouvelles-nourritures_<celui qui vient d' entrer-161>_5052,dirigeai vers le banc où « le gentleman » restait,male
Gide-Andre_Les-nouvelles-nourritures_<celui qui vient d' entrer-161>_5073,les mains . – Ne vous ai - je pas,male
Gide-Andre_Les-nouvelles-nourritures_<celui qui vient d' entrer-161>_5083,déjà rencontré quelque part ? lui dis - je en,male
Gide-Andre_Les-nouvelles-nourritures_<celui qui vient d' entrer-161>_5094,"d' introduction . – Il me semble aussi , fit",male
Gide-Andre_Les-nouvelles-nourritures_<celui qui vient d' entrer-161>_5099,"me semble aussi , fit - il après m' avoir",male
Gide-Andre_Les-nouvelles-nourritures_<celui qui vient d' entrer-161>_5118,n' est - ce pas vous qui causiez tout à,male
Gide-Andre_Les-nouvelles-nourritures_<celui qui vient d' entrer-161>_5175,. Il ne peut plus me souffrir depuis qu' il,male
Gide-Andre_Les-nouvelles-nourritures_<celui qui vient d' entrer-161>_5190,peut pas se passer de moi . – Comment expliquez,male
Gide-Andre_Les-nouvelles-nourritures_<celui qui vient d' entrer-161>_5195,moi . – Comment expliquez - vous cela ? hasardai,male
Gide-Andre_Les-nouvelles-nourritures_<celui qui vient d' entrer-161>_5200,- vous cela ? hasardai - je . – Vous,male
Gide-Andre_Les-nouvelles-nourritures_<celui qui vient d' entrer-161>_5204,hasardai - je . – Vous allez comprendre tout de,male
Gide-Andre_Les-nouvelles-nourritures_<celui qui vient d' entrer-161>_5211,"comprendre tout de suite , cher monsieur . Il a",male
Gide-Andre_Les-nouvelles-nourritures_<celui qui vient d' entrer-161>_5223,"bouton , il a dû vous le dire . Mais",male
Gide-Andre_Les-nouvelles-nourritures_<celui qui vient d' entrer-161>_5228,vous le dire . Mais c' est moi l' inventeur,male
Gide-Andre_Les-nouvelles-nourritures_<celui qui vient d' entrer-161>_5230,dire . Mais c' est moi l' inventeur de la,male
Gide-Andre_Les-nouvelles-nourritures_<celui qui vient d' entrer-161>_5248,? – Nécessairement . IV Je ne trouve pas précisément,male
Gide-Andre_Les-nouvelles-nourritures_<celui qui vient d' entrer-161>_5279,le plus clair possible et j' éprouve que chaque objet,male
Gide-Andre_Les-nouvelles-nourritures_<celui qui vient d' entrer-161>_5289,"de cette terre , que je convoite , se fait",male
Gide-Andre_Les-nouvelles-nourritures_<celui qui vient d' entrer-161>_5300,", par cela même que je le convoite , et",male
Gide-Andre_Les-nouvelles-nourritures_<celui qui vient d' entrer-161>_5316,"sa transparence , ou que mon regard perd sa clarté",male
Gide-Andre_Les-nouvelles-nourritures_<celui qui vient d' entrer-161>_5331,"cesse d' être sensible à mon âme , et qu'",male
Gide-Andre_Les-nouvelles-nourritures_<celui qui vient d' entrer-161>_5342,le Créateur pour la créature mon âme cesse de vivre,male
Gide-Andre_Les-nouvelles-nourritures_<celui qui vient d' entrer-161>_5351,vivre dans l' éternité et perd possession du royaume de,male
Gide-Andre_Les-nouvelles-nourritures_<celui qui vient d' entrer-161>_5359,"royaume de Dieu . * Je reviens à vous ,",male
Gide-Andre_Les-nouvelles-nourritures_<celui qui vient d' entrer-161>_5362,". * Je reviens à vous , Seigneur Christ ,",male
Gide-Andre_Les-nouvelles-nourritures_<celui qui vient d' entrer-161>_5364,"Je reviens à vous , Seigneur Christ , comme à",male
Gide-Andre_Les-nouvelles-nourritures_<celui qui vient d' entrer-161>_5371,", comme à Dieu dont vous êtes la forme vivante",male
Gide-Andre_Les-nouvelles-nourritures_<celui qui vient d' entrer-161>_5377,"êtes la forme vivante , je suis las de mentir",male
Gide-Andre_Les-nouvelles-nourritures_<celui qui vient d' entrer-161>_5383,suis las de mentir à mon cœur . C' est,male
Gide-Andre_Les-nouvelles-nourritures_<celui qui vient d' entrer-161>_5388,mon cœur . C' est vous que je retrouve partout,male
Gide-Andre_Les-nouvelles-nourritures_<celui qui vient d' entrer-161>_5390,". C' est vous que je retrouve partout , alors",male
Gide-Andre_Les-nouvelles-nourritures_<celui qui vient d' entrer-161>_5396,"retrouve partout , alors que je croyais vous fuir ,",male
Gide-Andre_Les-nouvelles-nourritures_<celui qui vient d' entrer-161>_5398,", alors que je croyais vous fuir , ami divin",male
Gide-Andre_Les-nouvelles-nourritures_<celui qui vient d' entrer-161>_5401,"je croyais vous fuir , ami divin de mon enfance",male
Gide-Andre_Les-nouvelles-nourritures_<celui qui vient d' entrer-161>_5404,"fuir , ami divin de mon enfance . Je crois",male
Gide-Andre_Les-nouvelles-nourritures_<celui qui vient d' entrer-161>_5407,divin de mon enfance . Je crois bien qu' il,male
Gide-Andre_Les-nouvelles-nourritures_<celui qui vient d' entrer-161>_5417,n' y a plus que vous dont mon cœur exigeant,male
Gide-Andre_Les-nouvelles-nourritures_<celui qui vient d' entrer-161>_5419,a plus que vous dont mon cœur exigeant se contente,male
Gide-Andre_Les-nouvelles-nourritures_<celui qui vient d' entrer-161>_5429,. Le démon seul en moi nie que votre enseignement,male
Gide-Andre_Les-nouvelles-nourritures_<celui qui vient d' entrer-161>_5432,"seul en moi nie que votre enseignement soit parfait ,",male
Gide-Andre_Les-nouvelles-nourritures_<celui qui vient d' entrer-161>_5439,"soit parfait , et que je puisse renoncer à tout",male
Gide-Andre_Les-nouvelles-nourritures_<celui qui vient d' entrer-161>_5447,"à tout , fors à vous , puisque , dans",male
Gide-Andre_Les-nouvelles-nourritures_<celui qui vient d' entrer-161>_5457,"le renoncement à tout , je vous retrouve . Seuil",male
Gide-Andre_Les-nouvelles-nourritures_<celui qui vient d' entrer-161>_5458,"renoncement à tout , je vous retrouve . Seuil de",male
Gide-Andre_Les-nouvelles-nourritures_<celui qui vient d' entrer-161>_5474,"paradis , De nouvelle allégresse Mon âme est étourdie …",male
Gide-Andre_Les-nouvelles-nourritures_<celui qui vient d' entrer-161>_5479,Mon âme est étourdie … Seigneur ! augmente mon ivresse,male
Gide-Andre_Les-nouvelles-nourritures_<celui qui vient d' entrer-161>_5482,étourdie … Seigneur ! augmente mon ivresse . Aplanissez l',male
Gide-Andre_Les-nouvelles-nourritures_<celui qui vient d' entrer-161>_5491,l' espace Qui sépare de Vous Mon âme en sa,male
Gide-Andre_Les-nouvelles-nourritures_<celui qui vient d' entrer-161>_5492,espace Qui sépare de Vous Mon âme en sa disgrâce,male
Gide-Andre_Les-nouvelles-nourritures_<celui qui vient d' entrer-161>_5501,disgrâce Qui se souvient de Vous … Seigneur ! aggravez,male
Gide-Andre_Les-nouvelles-nourritures_<celui qui vient d' entrer-161>_5503,se souvient de Vous … Seigneur ! aggravez mon extase,male
Gide-Andre_Les-nouvelles-nourritures_<celui qui vient d' entrer-161>_5506,Vous … Seigneur ! aggravez mon extase . Sable aride,male
Gide-Andre_Les-nouvelles-nourritures_<celui qui vient d' entrer-161>_5520,"trace du pied nu , Mon poème ingénu N' élude",male
Gide-Andre_Les-nouvelles-nourritures_<celui qui vient d' entrer-161>_5542,", Sur des flots cadencés Mon âme se balance .",male
Gide-Andre_Les-nouvelles-nourritures_<celui qui vient d' entrer-161>_5578,"Rires , rythmes divins ! J' ai goûté d' un",male
Gide-Andre_Les-nouvelles-nourritures_<celui qui vient d' entrer-161>_5595,Ô trop claire lumière Transperce mes paupières ! Ta vérité,male
Gide-Andre_Les-nouvelles-nourritures_<celui qui vient d' entrer-161>_5598,"lumière Transperce mes paupières ! Ta vérité , Seigneur ,",male
Gide-Andre_Les-nouvelles-nourritures_<celui qui vient d' entrer-161>_5601,"paupières ! Ta vérité , Seigneur , M' a blessé",male
Gide-Andre_Les-nouvelles-nourritures_<celui qui vient d' entrer-161>_5603,"Ta vérité , Seigneur , M' a blessé jusqu' au",male
Gide-Andre_Les-nouvelles-nourritures_<celui qui vient d' entrer-161>_5624,fête . Quelle fête ? Je ne sais plus .,male
Gide-Andre_Les-nouvelles-nourritures_<celui qui vient d' entrer-161>_5630,"ne sais plus . De ma fenêtre , qui donnait",male
Gide-Andre_Les-nouvelles-nourritures_<celui qui vient d' entrer-161>_5652,"et le Ponte Vecchio , je contemplais la foule ,",male
Gide-Andre_Les-nouvelles-nourritures_<celui qui vient d' entrer-161>_5678,". Et , tandis que je regardais en amont ,",male
Gide-Andre_Les-nouvelles-nourritures_<celui qui vient d' entrer-161>_5727,"un espace à découvert , je vis la foule s'",male
Gide-Andre_Les-nouvelles-nourritures_<celui qui vient d' entrer-161>_5777,que le courant emportait . Je descendis . Les passants,male
Gide-Andre_Les-nouvelles-nourritures_<celui qui vient d' entrer-161>_5783,descendis . Les passants que j' interrogeai me dirent qu',male
Gide-Andre_Les-nouvelles-nourritures_<celui qui vient d' entrer-161>_5860,; la retenir ? … Je gagnai le Ponte Vecchio,male
Gide-Andre_Les-nouvelles-nourritures_<j'-62>_1948,- aller … Ah ! j' oubliais : nous avions,male
Gide-Andre_Les-nouvelles-nourritures_<j'-62>_1965,. * Du jour où je parvins à me persuader,male
Gide-Andre_Les-nouvelles-nourritures_<j'-62>_1971,parvins à me persuader que je n' avais pas besoin,male
Gide-Andre_Les-nouvelles-nourritures_<j'-62>_1984,", commença d' habiter en moi le bonheur ; oui",male
Gide-Andre_Les-nouvelles-nourritures_<j'-62>_1993,"oui , du jour où je me persuadai que je",male
Gide-Andre_Les-nouvelles-nourritures_<j'-62>_1997,où je me persuadai que je n' avais besoin de,male
Gide-Andre_Les-nouvelles-nourritures_<j'-62>_2022,"à l' égoïsme , que j' avais fait jaillir aussitôt",male
Gide-Andre_Les-nouvelles-nourritures_<j'-62>_2028,avais fait jaillir aussitôt de mon cœur une telle abondance,male
Gide-Andre_Les-nouvelles-nourritures_<j'-62>_2036,telle abondance de joie que j��en pusse abreuver tous les,male
Gide-Andre_Les-nouvelles-nourritures_<j'-62>_2043,abreuver tous les autres . Je compris que le meilleur,male
Gide-Andre_Les-nouvelles-nourritures_<j'-62>_2053,enseignement est d' exemple . J' assumai mon bonheur comme,male
Gide-Andre_Les-nouvelles-nourritures_<j'-62>_2055,d' exemple . J' assumai mon bonheur comme une vocation,male
Gide-Andre_Les-nouvelles-nourritures_<j'-62>_2065,". Eh quoi ! pensais - je alors , si",male
Gide-Andre_Les-nouvelles-nourritures_<j'-62>_2174,"d' un instant , embrasserais - je moins amoureusement ce",male
Gide-Andre_Les-nouvelles-nourritures_<j'-62>_2180,je moins amoureusement ce que je sais que je ne,male
Gide-Andre_Les-nouvelles-nourritures_<j'-62>_2183,ce que je sais que je ne pourrai pas retenir,male
Gide-Andre_Les-nouvelles-nourritures_<j'-62>_2246,de ton chant . Mais j' ai compris à présent,male
Gide-Andre_Les-nouvelles-nourritures_<j'-62>_2272,mais l' amour ; et je sais à présent goûter,male
Gide-Andre_Les-nouvelles-nourritures_<j'-62>_2309,atteindre . Éblouissement tendre Accueille mon réveil ! Je suis,male
Gide-Andre_Les-nouvelles-nourritures_<j'-62>_2312,tendre Accueille mon réveil ! Je suis loin de prétendre,male
Gide-Andre_Les-nouvelles-nourritures_<j'-62>_2323,"l' immatériel ; Mais t' aime , azur sans tache",male
Gide-Andre_Les-nouvelles-nourritures_<j'-62>_2332,tache . Léger comme Ariel Je meurs si je m',male
Gide-Andre_Les-nouvelles-nourritures_<j'-62>_2335,comme Ariel Je meurs si je m' attache À quelque,male
Gide-Andre_Les-nouvelles-nourritures_<j'-62>_2350,"n' est rien , que je sache , De plus",male
Gide-Andre_Les-nouvelles-nourritures_<j'-62>_2369,Pour goûter à ce miel Je ne veux plus attendre,male
Gide-Andre_Les-nouvelles-nourritures_<j'-62>_2415,C' est la reconnaissance de mon cœur qui me fait,male
Gide-Andre_Les-nouvelles-nourritures_<j'-62>_2418,reconnaissance de mon cœur qui me fait inventer Dieu chaque,male
Gide-Andre_Les-nouvelles-nourritures_<j'-62>_2428,jour . Dès l' éveil je m' étonne d' être,male
Gide-Andre_Les-nouvelles-nourritures_<j'-62>_2434,m' étonne d' être et m' émerveille incessamment . Pourquoi,male
Gide-Andre_Les-nouvelles-nourritures_<j'-62>_2469,est que dans le chagrin tu songes au bonheur dont,male
Gide-Andre_Les-nouvelles-nourritures_<j'-62>_2475,"songes au bonheur dont il te prive , tandis qu'",male
Gide-Andre_Les-nouvelles-nourritures_<j'-62>_2487,"du bonheur , il ne t' arrive point de songer",male
Gide-Andre_Les-nouvelles-nourritures_<j'-62>_2495,de songer aux douleurs qui te sont épargnées ; c',male
Gide-Andre_Les-nouvelles-nourritures_<j'-62>_2503,; c' est qu' il t' est naturel d' être,male
Gide-Andre_Les-nouvelles-nourritures_<j'-62>_2536,"Si peu que l' on m' en prive , je",male
Gide-Andre_Les-nouvelles-nourritures_<j'-62>_2540,"on m' en prive , je suis volé . Je",male
Gide-Andre_Les-nouvelles-nourritures_<j'-62>_2544,", je suis volé . Je ne sais point si",male
Gide-Andre_Les-nouvelles-nourritures_<j'-62>_2549,"Je ne sais point si je réclamais la vie ,",male
Gide-Andre_Les-nouvelles-nourritures_<j'-62>_2562,"; mais à présent que je vis , tout m'",male
Gide-Andre_Les-nouvelles-nourritures_<j'-62>_2566,"que je vis , tout m' est dû . Mais",male
Gide-Andre_Les-nouvelles-nourritures_<j'-62>_2578,est si douce et il m' est si nécessairement doux,male
Gide-Andre_Les-nouvelles-nourritures_<j'-62>_2597,air éveille un merci dans mon cœur . Le besoin,male
Gide-Andre_Les-nouvelles-nourritures_<j'-62>_2604,. Le besoin de reconnaissance m' enseigne à faire de,male
Gide-Andre_Les-nouvelles-nourritures_<j'-62>_2614,tout ce qui vient à moi du bonheur . *,male
Gide-Andre_Les-nouvelles-nourritures_<j'-62>_2652,"logique . ( L' illogisme m' irrite , mais l'",male
Gide-Andre_Les-nouvelles-nourritures_<j'-62>_2660,mais l' excès de logique m' exténue . ) Il,male
Gide-Andre_Les-nouvelles-nourritures_<j'-62>_2683,"autres avoir raison . ( Mon cœur , si ma",male
Gide-Andre_Les-nouvelles-nourritures_<j'-62>_2687,"( Mon cœur , si ma raison lui donne tort",male
Gide-Andre_Les-nouvelles-nourritures_<j'-62>_2700,c' est à lui que je donne raison . ),male
Gide-Andre_Les-nouvelles-nourritures_<j'-62>_2731,défaut de la logique que je prends conscience de moi,male
Gide-Andre_Les-nouvelles-nourritures_<j'-62>_2735,que je prends conscience de moi . Ô ma plus,male
Gide-Andre_Les-nouvelles-nourritures_<j'-62>_2738,conscience de moi . Ô ma plus chère et ma,male
Gide-Andre_Les-nouvelles-nourritures_<j'-62>_2742,Ô ma plus chère et ma plus riante pensée !,male
Gide-Andre_Les-nouvelles-nourritures_<j'-62>_2749,riante pensée ! qu' ai - je affaire de chercher,male
Gide-Andre_Les-nouvelles-nourritures_<j'-62>_2763,ta naissance ? N' ai - je pas lu ce,male
Gide-Andre_Les-nouvelles-nourritures_<j'-62>_2811,de dieux ? … * Me voici tout contraint par,male
Gide-Andre_Les-nouvelles-nourritures_<j'-62>_2816,Me voici tout contraint par mon passé . Pas un,male
Gide-Andre_Les-nouvelles-nourritures_<j'-62>_2829,"hui , que ce que j' étais hier ne détermine",male
Gide-Andre_Les-nouvelles-nourritures_<j'-62>_2838,détermine . Mais celui que je suis en cet instant,male
Gide-Andre_Les-nouvelles-nourritures_<j'-62>_2857,Ah ! pouvoir échapper à moi - même ! Je,male
Gide-Andre_Les-nouvelles-nourritures_<j'-62>_2861,à moi - même ! Je bondirais par - dessus,male
Gide-Andre_Les-nouvelles-nourritures_<j'-62>_2872,contrainte où le respect de moi m' a soumis .,male
Gide-Andre_Les-nouvelles-nourritures_<j'-62>_2873,où le respect de moi m' a soumis . Ma,male
Gide-Andre_Les-nouvelles-nourritures_<j'-62>_2877,moi m' a soumis . Ma narine est ouverte aux,male
Gide-Andre_Les-nouvelles-nourritures_<j'-62>_2908,à conséquence pour demain . Mon esprit s' achoppe à,male
Gide-Andre_Les-nouvelles-nourritures_<j'-62>_2933,- même . N' attendrai - je plus de moi,male
Gide-Andre_Les-nouvelles-nourritures_<j'-62>_2937,attendrai - je plus de moi qu' une suite ?,male
Gide-Andre_Les-nouvelles-nourritures_<j'-62>_2951,cheminement tracé par avance . Je veux ne plus marcher,male
Gide-Andre_Les-nouvelles-nourritures_<j'-62>_2968,"de jarret repousser , renier mon passé ; n' avoir",male
Gide-Andre_Les-nouvelles-nourritures_<j'-62>_2979,à tenir de promesses : j' en ai trop fait,male
Gide-Andre_Les-nouvelles-nourritures_<j'-62>_2988,"fait ! Avenir , que je t' aimerais , infidèle",male
Gide-Andre_Les-nouvelles-nourritures_<j'-62>_3005,"montagne emportera ton essor , ma pensée ? Oiseau bleu",male
Gide-Andre_Les-nouvelles-nourritures_<j'-62>_3030,"; aussi loin que peut te porter le présent ,",male
Gide-Andre_Les-nouvelles-nourritures_<j'-62>_3035,"te porter le présent , tu t' avances , et",male
Gide-Andre_Les-nouvelles-nourritures_<j'-62>_3042,"avances , et de tout ton regard déjà tu t'",male
Gide-Andre_Les-nouvelles-nourritures_<j'-62>_3045,"de tout ton regard déjà tu t' élances , tu",male
Gide-Andre_Les-nouvelles-nourritures_<j'-62>_3049,"déjà tu t' élances , tu t' évades dans l'",male
Gide-Andre_Les-nouvelles-nourritures_<j'-62>_3066,pas encore posées ! … Mon tourment d' hier m',male
Gide-Andre_Les-nouvelles-nourritures_<j'-62>_3070,… Mon tourment d' hier m' a lassé ; j',male
Gide-Andre_Les-nouvelles-nourritures_<j'-62>_3074,hier m' a lassé ; j' en ai surépuisé l',male
Gide-Andre_Les-nouvelles-nourritures_<j'-62>_3081,ai surépuisé l' amertume ; je n' y crois plus,male
Gide-Andre_Les-nouvelles-nourritures_<j'-62>_3088,y crois plus ; et je me penche sur le,male
Gide-Andre_Les-nouvelles-nourritures_<j'-62>_3104,"de l' abîme , emportez - moi ! III C'",male
Gide-Andre_Les-nouvelles-nourritures_<j'-62>_3122,achève . Tout ce que tu résignes en toi prendra,male
Gide-Andre_Les-nouvelles-nourritures_<j'-62>_3125,ce que tu résignes en toi prendra vie . Tout,male
Gide-Andre_Les-nouvelles-nourritures_<j'-62>_3161,don . Tout ce que tu ne sais pas donner,male
Gide-Andre_Les-nouvelles-nourritures_<j'-62>_3166,tu ne sais pas donner te possède . Sans sacrifice,male
Gide-Andre_Les-nouvelles-nourritures_<j'-62>_3188,par offrande . Ce que tu prétends protéger en toi,male
Gide-Andre_Les-nouvelles-nourritures_<j'-62>_3192,que tu prétends protéger en toi s' atrophie . À,male
Gide-Andre_Les-nouvelles-nourritures_<j'-62>_3199,atrophie . À quoi reconnais - tu que le fruit,male
Gide-Andre_Les-nouvelles-nourritures_<j'-62>_3243,", je sais qu' il te faut faire abandon de",male
Gide-Andre_Les-nouvelles-nourritures_<j'-62>_3248,te faut faire abandon de toi pour germer . Qu',male
Gide-Andre_Les-nouvelles-nourritures_<j'-62>_3265,", cette douceur autour de toi . Cette abondante chair",male
Gide-Andre_Les-nouvelles-nourritures_<j'-62>_3290,Qu' elle meure afin que tu vives . Je sais,male
Gide-Andre_Les-nouvelles-nourritures_<Ma sœur-18>_590,"de tout ceci , – Ma sœur , c' est",female
Gide-Andre_Les-nouvelles-nourritures_<Ma sœur-18>_595,"Ma sœur , c' est mon cœur qui se raconte",female
Gide-Andre_Les-nouvelles-nourritures_<Ma sœur-18>_610,tien son bonheur . * Je ne sais trop qui,female
Gide-Andre_Les-nouvelles-nourritures_<Ma sœur-18>_616,ne sais trop qui peut m' avoir mis sur la,female
Gide-Andre_Les-nouvelles-nourritures_<Ma sœur-18>_624,sur la terre . On m' a dit que c',female
Gide-Andre_Les-nouvelles-nourritures_<Ma sœur-18>_649,? Il est vrai que j' éprouve à exister joie,female
Gide-Andre_Les-nouvelles-nourritures_<Ma sœur-18>_659,"si vive , que parfois je doute si déjà je",female
Gide-Andre_Les-nouvelles-nourritures_<Ma sœur-18>_663,parfois je doute si déjà je n' avais envie d',female
Gide-Andre_Les-nouvelles-nourritures_<Ma sœur-18>_673,"être , alors même que je n' étais pas .",female
Gide-Andre_Les-nouvelles-nourritures_<Ma sœur-18>_707,dessus . Table rase . J' ai tout balayé .,female
Gide-Andre_Les-nouvelles-nourritures_<Ma sœur-18>_717,C' en est fait ! Je me dresse nu sur,female
Gide-Andre_Les-nouvelles-nourritures_<Ma sœur-18>_734,"à repeupler . Bah ! Je te , reconnais ,",female
Gide-Andre_Les-nouvelles-nourritures_<Ma sœur-18>_761,"arc libérateur . À travers ma paupière fermée , ton",female
Gide-Andre_Les-nouvelles-nourritures_<Ma sœur-18>_787,est vaincu . Apporte à ma chair la couleur et,female
Gide-Andre_Les-nouvelles-nourritures_<Ma sœur-18>_796,"et l' ardeur , à ma lèvre la soif ,",female
Gide-Andre_Les-nouvelles-nourritures_<Ma sœur-18>_805,", et l' éblouissement à mon cœur . De toutes",female
Gide-Andre_Les-nouvelles-nourritures_<Ma sœur-18>_823,"zénith à la terre , je saisirai la plus charmante",female
Gide-Andre_Les-nouvelles-nourritures_<Ma sœur-18>_829,saisirai la plus charmante . Je ne tiens plus au,female
Gide-Andre_Les-nouvelles-nourritures_<Ma sœur-18>_836,tiens plus au sol ; je me balance à l',female
Gide-Andre_Les-nouvelles-nourritures_<Ma sœur-18>_849,"rayon . Ô toi que j' aime , enfant !",female
Gide-Andre_Les-nouvelles-nourritures_<Ma sœur-18>_854,"j' aime , enfant ! je te veux entraîner dans",female
Gide-Andre_Les-nouvelles-nourritures_<Ma sœur-18>_859,je te veux entraîner dans ma fuite . D' une,female
Gide-Andre_Les-nouvelles-nourritures_<Ma sœur-18>_875,voici l' astre ! Déleste - toi . Ne laisse,female
Gide-Andre_Les-nouvelles-nourritures_<Ma sœur-18>_887,poids du plus léger passé t' asservir . * Ne,female
Gide-Andre_Les-nouvelles-nourritures_<Ma sœur-18>_903,! Ô route encombrée ! je passe outre . C',female
Gide-Andre_Les-nouvelles-nourritures_<Ma sœur-18>_909,passe outre . C' est mon tour . Le rayon,female
Gide-Andre_Les-nouvelles-nourritures_<Ma sœur-18>_914,mon tour . Le rayon m' a fait signe ;,female
Gide-Andre_Les-nouvelles-nourritures_<Ma sœur-18>_919,m' a fait signe ; mon désir m' est le,female
Gide-Andre_Les-nouvelles-nourritures_<Ma sœur-18>_921,fait signe ; mon désir m' est le plus sûr,female
Gide-Andre_Les-nouvelles-nourritures_<Ma sœur-18>_929,plus sûr des guides et je suis amoureux de tout,female
Gide-Andre_Les-nouvelles-nourritures_<Ma sœur-18>_948,et se viennent nouer sur mon cœur . De mille,female
Gide-Andre_Les-nouvelles-nourritures_<Ma sœur-18>_956,"De mille aperceptions fragiles , je tisse un vêtement miraculeux",female
Gide-Andre_Les-nouvelles-nourritures_<Ma sœur-18>_969,"rit au travers , et je souris au dieu .",female
Gide-Andre_Les-nouvelles-nourritures_<Ma sœur-18>_989,"À travers la buée de mon haleine , je l'",female
Gide-Andre_Les-nouvelles-nourritures_<Ma sœur-18>_992,"buée de mon haleine , je l' ai vu .",female
Gide-Andre_Les-nouvelles-nourritures_<Ma sœur-18>_1001,. Vers lui se tend ma lèvre . N' est,female
Gide-Andre_Les-nouvelles-nourritures_<Ma sœur-18>_1011,"- ce pas lui que j' entendais murmurer , ce",female
Gide-Andre_Les-nouvelles-nourritures_<Ma sœur-18>_1020,ce matin : Qu' attends - tu ? J' écarte,female
Gide-Andre_Les-nouvelles-nourritures_<Ma sœur-18>_1023,"Qu' attends - tu ? J' écarte , de l'",female
Gide-Andre_Les-nouvelles-nourritures_<Ma sœur-18>_1044,à n' avoir plus devant moi rien que de brillant,female
Gide-Andre_Les-nouvelles-nourritures_<Ma sœur-18>_1059,"Printemps plein d' indolence , J' implore ta clémence .",female
Gide-Andre_Les-nouvelles-nourritures_<Ma sœur-18>_1069,À toi plein de langueur J' abandonne mon cœur .,female
Gide-Andre_Les-nouvelles-nourritures_<Ma sœur-18>_1071,plein de langueur J' abandonne mon cœur . Ma pensée,female
Gide-Andre_Les-nouvelles-nourritures_<Ma sœur-18>_1074,J' abandonne mon cœur . Ma pensée indécise Flotte au,female
Gide-Andre_Les-nouvelles-nourritures_<Ma sœur-18>_1087,brise . Un ruissellement tendre Me pénètre de miel .,female
Gide-Andre_Les-nouvelles-nourritures_<Ma sœur-18>_1109,le sommeil . À travers ma paupière J' accueille ta,female
Gide-Andre_Les-nouvelles-nourritures_<Ma sœur-18>_1111,". À travers ma paupière J' accueille ta lumière ,",female
Gide-Andre_Les-nouvelles-nourritures_<Ma sœur-18>_1118,"ta lumière , Soleil qui me caresse ; Pardonne à",female
Gide-Andre_Les-nouvelles-nourritures_<Ma sœur-18>_1123,me caresse ; Pardonne à ma paresse … Bois mon,female
Gide-Andre_Les-nouvelles-nourritures_<Ma sœur-18>_1127,"à ma paresse … Bois mon cœur sans défense ,",female
Gide-Andre_Les-nouvelles-nourritures_<Ma sœur-18>_1143,"Adam neuf , c' est moi qui baptise aujourd' hui",female
Gide-Andre_Les-nouvelles-nourritures_<Ma sœur-18>_1154,"Cette rivière , c' est ma soif ; cette ombre",female
Gide-Andre_Les-nouvelles-nourritures_<Ma sœur-18>_1163,"ombre bocagère , c' est mon sommeil ; cet enfant",female
Gide-Andre_Les-nouvelles-nourritures_<Ma sœur-18>_1172,"enfant nu , c' est mon désir . Par le",female
Gide-Andre_Les-nouvelles-nourritures_<Ma sœur-18>_1182,"chant de l' oiseau , mon amour prend voix .",female
Gide-Andre_Les-nouvelles-nourritures_<Ma sœur-18>_1187,mon amour prend voix . Mon cœur bourdonne dans cette,female
Gide-Andre_Les-nouvelles-nourritures_<Ma sœur-18>_1200,". Déplaçable horizon , sois ma limite ; sous l'",female
Gide-Andre_Les-nouvelles-nourritures_<Ma sœur-18>_1241,La page blanche luit devant moi . Et de même,female
Gide-Andre_Les-nouvelles-nourritures_<Ma sœur-18>_1261,soumettre aux lois du rythme mon idée . Image de,female
Gide-Andre_Les-nouvelles-nourritures_<Ma sœur-18>_1266,"mon idée . Image de mon parfait bonheur , j'",female
Gide-Andre_Les-nouvelles-nourritures_<Ma sœur-18>_1270,"de mon parfait bonheur , j' étale ici , peintre",female
Gide-Andre_Les-nouvelles-nourritures_<Ma sœur-18>_1274,", j' étale ici , peintre recréateur , la couleur",female
Gide-Andre_Les-nouvelles-nourritures_<Ma sœur-18>_1287,et la plus vive . Je ne saisirai plus les,female
Gide-Andre_Les-nouvelles-nourritures_<Ma sœur-18>_1305,"ce toi , ramier de ma joie ? Ah !",female
Gide-Andre_Les-nouvelles-nourritures_<Ma sœur-18>_1328,; repose - toi . Je suis couché contre la,female
Gide-Andre_Les-nouvelles-nourritures_<Ma sœur-18>_1337,"la terre . Près de moi , la branche ,",female
Gide-Andre_Les-nouvelles-nourritures_<Ma sœur-18>_1378,roucoulement la balance . * J' écris pour qu' un,female
Gide-Andre_Les-nouvelles-nourritures_<Ma sœur-18>_1392,", pareil à celui que j' étais à seize ans",female
Gide-Andre_Les-nouvelles-nourritures_<Ma sœur-18>_1419,quelle sera sa question ? Je n' ai pas grand,female
Gide-Andre_Les-nouvelles-nourritures_<Ma sœur-18>_1432,époque et les jeux de mes contemporains ne m' ont,female
Gide-Andre_Les-nouvelles-nourritures_<Ma sœur-18>_1435,jeux de mes contemporains ne m' ont jamais beaucoup diverti,female
Gide-Andre_Les-nouvelles-nourritures_<Ma sœur-18>_1441,ont jamais beaucoup diverti . Je me penche par -,female
Gide-Andre_Les-nouvelles-nourritures_<Ma sœur-18>_1450,- delà le présent . Je passe outre . Je,female
Gide-Andre_Les-nouvelles-nourritures_<Ma sœur-18>_1454,. Je passe outre . Je pressens un temps où,female
Gide-Andre_Les-nouvelles-nourritures_<Ma sœur-18>_1475,paraît vital aujourd' hui . Je rêve à de nouvelles,female
Gide-Andre_Les-nouvelles-nourritures_<Ma sœur-18>_1508,. Ah ! qui délivrera mon esprit des lourdes chaînes,female
Gide-Andre_Les-nouvelles-nourritures_<Ma sœur-18>_1517,"chaînes de la logique ? Ma plus sincère émotion ,",female
Gide-Andre_Les-nouvelles-nourritures_<Ma sœur-18>_1524,"sincère émotion , dès que je l' exprime , est",female
Gide-Andre_Les-nouvelles-nourritures_<Ma sœur-18>_1561,l' amour . Ah ! j' ai vécu trop prudemment,female
Gide-Andre_Les-nouvelles-nourritures_<Ma sœur-18>_1590,Ô liberté ! Jusqu' où mon désir peut s' étendre,female
Gide-Andre_Les-nouvelles-nourritures_<Ma sœur-18>_1597,"peut s' étendre , là j' irai . Ô toi",female
Gide-Andre_Les-nouvelles-nourritures_<Ma sœur-18>_1603,"irai . Ô toi que j' aime , viens avec",female
Gide-Andre_Les-nouvelles-nourritures_<Ma sœur-18>_1608,"j' aime , viens avec moi ; je te porterai",female
Gide-Andre_Les-nouvelles-nourritures_<Ma sœur-18>_1610,", viens avec moi ; je te porterai jusque -",female
Gide-Andre_Les-nouvelles-nourritures_<m'-230>_6807,indulgences » . * Il m' a depuis longtemps paru,male
Gide-Andre_Les-nouvelles-nourritures_<m'-230>_6830,la tristesse . Et quand j' eus fait cette découverte,male
Gide-Andre_Les-nouvelles-nourritures_<m'-230>_6853,", la joie devint pour moi non seulement ( ce",male
Gide-Andre_Les-nouvelles-nourritures_<m'-230>_6874,une obligation morale . Il me parut que le meilleur,male
Gide-Andre_Les-nouvelles-nourritures_<m'-230>_6894,bonheur était d' en donner soi - même l' image,male
Gide-Andre_Les-nouvelles-nourritures_<m'-230>_6901,"même l' image , et je résolus d' être heureux",male
Gide-Andre_Les-nouvelles-nourritures_<m'-230>_6907,résolus d' être heureux . J' avais écrit : «,male
Gide-Andre_Les-nouvelles-nourritures_<m'-230>_6932,» ; – car que m' importe un bonheur édifié,male
Gide-Andre_Les-nouvelles-nourritures_<m'-230>_6962,ceux qui pleurent . Et comprend bien mal cette parole,male
Gide-Andre_Les-nouvelles-nourritures_<m'-230>_6968,"bien mal cette parole , celui qui n' y voit",male
Gide-Andre_Les-nouvelles-nourritures_<m'-230>_6969,"mal cette parole , celui qui n' y voit qu'",male
Gide-Andre_Les-nouvelles-nourritures_<m'-230>_6981,"à pleurer ! LIVRE DEUXIÈME JE pense , donc je",male
Gide-Andre_Les-nouvelles-nourritures_<m'-230>_6985,"DEUXIÈME JE pense , donc je suis – C' est",male
Gide-Andre_Les-nouvelles-nourritures_<m'-230>_6994,est à ce donc que je m' achoppe . Je,male
Gide-Andre_Les-nouvelles-nourritures_<m'-230>_6998,que je m' achoppe . Je pense et Je suis,male
Gide-Andre_Les-nouvelles-nourritures_<m'-230>_7001,achoppe . Je pense et Je suis ; il y,male
Gide-Andre_Les-nouvelles-nourritures_<m'-230>_7016,": Je sens , donc je suis – ou même",male
Gide-Andre_Les-nouvelles-nourritures_<m'-230>_7022,"suis – ou même : Je crois , donc je",male
Gide-Andre_Les-nouvelles-nourritures_<m'-230>_7026,": Je crois , donc je suis – car cela",male
Gide-Andre_Les-nouvelles-nourritures_<m'-230>_7035,cela revient à dire : Je pense que je suis,male
Gide-Andre_Les-nouvelles-nourritures_<m'-230>_7038,dire : Je pense que je suis . Je crois,male
Gide-Andre_Les-nouvelles-nourritures_<m'-230>_7041,pense que je suis . Je crois que je suis,male
Gide-Andre_Les-nouvelles-nourritures_<m'-230>_7044,suis . Je crois que je suis . Je sens,male
Gide-Andre_Les-nouvelles-nourritures_<m'-230>_7047,crois que je suis . Je sens que je suis,male
Gide-Andre_Les-nouvelles-nourritures_<m'-230>_7050,suis . Je sens que je suis . Or de,male
Gide-Andre_Les-nouvelles-nourritures_<m'-230>_7061,"trois propositions , la dernière m' apparaît la plus vraie",male
Gide-Andre_Les-nouvelles-nourritures_<m'-230>_7074,"vraie ; car enfin , je pense que je suis",male
Gide-Andre_Les-nouvelles-nourritures_<m'-230>_7077,"enfin , je pense que je suis n' implique peut",male
Gide-Andre_Les-nouvelles-nourritures_<m'-230>_7086,peut - être pas que je sois . Non plus,male
Gide-Andre_Les-nouvelles-nourritures_<m'-230>_7096,le : je crois que je suis . Il y,male
Gide-Andre_Les-nouvelles-nourritures_<m'-230>_7118,qu' à faire du « Je crois que Dieu est,male
Gide-Andre_Les-nouvelles-nourritures_<m'-230>_7137,. Tandis que : « Je sens que je suis,male
Gide-Andre_Les-nouvelles-nourritures_<m'-230>_7140,: « Je sens que je suis … » –,male
Gide-Andre_Les-nouvelles-nourritures_<m'-230>_7146,suis … » – Ici je suis juge et partie,male
Gide-Andre_Les-nouvelles-nourritures_<m'-230>_7156,. Comment ici me tromperais - je ? Je pense,male
Gide-Andre_Les-nouvelles-nourritures_<m'-230>_7159,me tromperais - je ? Je pense donc que je,male
Gide-Andre_Les-nouvelles-nourritures_<m'-230>_7163,? Je pense donc que je suis – Je pense,male
Gide-Andre_Les-nouvelles-nourritures_<m'-230>_7166,donc que je suis – Je pense que je suis,male
Gide-Andre_Les-nouvelles-nourritures_<m'-230>_7169,suis – Je pense que je suis donc je suis,male
Gide-Andre_Les-nouvelles-nourritures_<m'-230>_7172,pense que je suis donc je suis . – Car,male
Gide-Andre_Les-nouvelles-nourritures_<m'-230>_7177,je suis . – Car je ne puis penser qu',male
Gide-Andre_Les-nouvelles-nourritures_<m'-230>_7189,chose – Ex . : Je pense que Dieu est,male
Gide-Andre_Les-nouvelles-nourritures_<m'-230>_7195,pense que Dieu est ou Je pense que les angles,male
Gide-Andre_Les-nouvelles-nourritures_<m'-230>_7210,"à deux droits , donc je suis . – Alors",male
Gide-Andre_Les-nouvelles-nourritures_<m'-230>_7230,… donc cela est – je reste dans le neutre,male
Gide-Andre_Les-nouvelles-nourritures_<m'-230>_7236,reste dans le neutre . Je pense : donc je,male
Gide-Andre_Les-nouvelles-nourritures_<m'-230>_7240,. Je pense : donc je suis . Tout aussi,male
Gide-Andre_Les-nouvelles-nourritures_<m'-230>_7247,". Tout aussi bien : je souffre , je respire",male
Gide-Andre_Les-nouvelles-nourritures_<m'-230>_7250,"bien : je souffre , je respire , je sens",male
Gide-Andre_Les-nouvelles-nourritures_<m'-230>_7253,"souffre , je respire , je sens : donc je",male
Gide-Andre_Les-nouvelles-nourritures_<m'-230>_7257,", je sens : donc je suis . Car si",male
Gide-Andre_Les-nouvelles-nourritures_<m'-230>_7281,penser . Mais tant que je ne fais que sentir,male
Gide-Andre_Les-nouvelles-nourritures_<m'-230>_7287,"ne fais que sentir , je suis sans penser que",male
Gide-Andre_Les-nouvelles-nourritures_<m'-230>_7292,je suis sans penser que je suis . Par cet,male
Gide-Andre_Les-nouvelles-nourritures_<m'-230>_7299,. Par cet acte pensant je prends conscience de mon,male
Gide-Andre_Les-nouvelles-nourritures_<m'-230>_7303,pensant je prends conscience de mon être ; mais du,male
Gide-Andre_Les-nouvelles-nourritures_<m'-230>_7311,"mais du même coup , je cesse d' être simplement",male
Gide-Andre_Les-nouvelles-nourritures_<m'-230>_7317,cesse d' être simplement : je suis pensant . Je,male
Gide-Andre_Les-nouvelles-nourritures_<m'-230>_7321,: je suis pensant . Je pense donc je suis,male
Gide-Andre_Les-nouvelles-nourritures_<m'-230>_7324,pensant . Je pense donc je suis équivaut à :,male
Gide-Andre_Les-nouvelles-nourritures_<m'-230>_7329,je suis équivaut à : je pense que je suis,male
Gide-Andre_Les-nouvelles-nourritures_<m'-230>_7332,à : je pense que je suis et ce donc,male
Gide-Andre_Les-nouvelles-nourritures_<m'-230>_7360,"deux plateaux que ce que j' y ai mis ,",male
Gide-Andre_Les-nouvelles-nourritures_<m'-230>_7379,. X = X . J' ai beau retourner les,male
Gide-Andre_Les-nouvelles-nourritures_<m'-230>_7409,et le désir d' aller me promener . * Certains,male
Gide-Andre_Les-nouvelles-nourritures_<m'-230>_7452,"Mais avant d' agir , j' ai besoin de savoir",male
Gide-Andre_Les-nouvelles-nourritures_<m'-230>_7458,ai besoin de savoir pourquoi je suis sur cette terre,male
Gide-Andre_Les-nouvelles-nourritures_<m'-230>_7477,", car dès lors il m' est indispensable qu' il",male
Gide-Andre_Les-nouvelles-nourritures_<m'-230>_7482,m' est indispensable qu' il m' aperçoive ; j' ai,male
Gide-Andre_Les-nouvelles-nourritures_<m'-230>_7485,qu' il m' aperçoive ; j' ai besoin d' abord,male
Gide-Andre_Les-nouvelles-nourritures_<m'-230>_7572,? Mais cette information ne m' écarte pas moins de,male
Gide-Andre_Les-nouvelles-nourritures_<m'-230>_7614,"confondre avec elle – , je veux bien appeler religieux",male
Gide-Andre_Les-nouvelles-nourritures_<m'-230>_7619,je veux bien appeler religieux mon étonnement devant cela .,male
Gide-Andre_Les-nouvelles-nourritures_<m'-230>_7628,. Sur cette terre tout m' étonne . Appelons adoration,male
Gide-Andre_Les-nouvelles-nourritures_<m'-230>_7633,"m' étonne . Appelons adoration ma stupeur , j' y",male
Gide-Andre_Les-nouvelles-nourritures_<m'-230>_7636,"Appelons adoration ma stupeur , j' y consens . La",male
Gide-Andre_Les-nouvelles-nourritures_<m'-230>_7646,belle avance ! Non seulement je ne puis voir votre,male
Gide-Andre_Les-nouvelles-nourritures_<m'-230>_7660,"; mais au contraire , je vois , je découvre",male
Gide-Andre_Les-nouvelles-nourritures_<m'-230>_7663,"contraire , je vois , je découvre partout qu' il",male
Gide-Andre_Les-nouvelles-nourritures_<m'-230>_7680,n' y est pas . Je suis prêt à appeler,male
Gide-Andre_Les-nouvelles-nourritures_<me-273>_9003,sans l' autre . Dieu me tient ; je le,male
Gide-Andre_Les-nouvelles-nourritures_<me-273>_9006,. Dieu me tient ; je le tiens ; nous,male
Gide-Andre_Les-nouvelles-nourritures_<me-273>_9018,"Mais en pensant ceci , je ne fais qu' un",male
Gide-Andre_Les-nouvelles-nourritures_<me-273>_9028,avec la création entière ; je me fonds et m',male
Gide-Andre_Les-nouvelles-nourritures_<me-273>_9047,"Dieu , passe encore , me dit cette charmante enfant",male
Gide-Andre_Les-nouvelles-nourritures_<me-273>_9057,". Ah ! tenez , je vous l' abandonne ;",male
Gide-Andre_Les-nouvelles-nourritures_<me-273>_9063,vous l' abandonne ; car je sens qu' avec vous,male
Gide-Andre_Les-nouvelles-nourritures_<me-273>_9097,retrouvera toujours les siens . Vous êtes de ceux -,male
Gide-Andre_Les-nouvelles-nourritures_<me-273>_9105,"ceux - ci , que vous le vouliez ou non",male
Gide-Andre_Les-nouvelles-nourritures_<me-273>_9113,ou non . Le curé me le redisait encore hier,male
Gide-Andre_Les-nouvelles-nourritures_<me-273>_9120,redisait encore hier : Dieu vous sauvera malgré vous .,male
Gide-Andre_Les-nouvelles-nourritures_<me-273>_9123,: Dieu vous sauvera malgré vous . Car vous êtes,male
Gide-Andre_Les-nouvelles-nourritures_<me-273>_9126,sauvera malgré vous . Car vous êtes bon . Mais,male
Gide-Andre_Les-nouvelles-nourritures_<me-273>_9134,. Mais alors comment pouvez - vous dire que vous,male
Gide-Andre_Les-nouvelles-nourritures_<me-273>_9138,pouvez - vous dire que vous n' aimez pas le,male
Gide-Andre_Les-nouvelles-nourritures_<me-273>_9148,Bon Dieu ? Si seulement vous n' étiez pas si,male
Gide-Andre_Les-nouvelles-nourritures_<me-273>_9155,"étiez pas si têtu , vous auriez vite fait de",male
Gide-Andre_Les-nouvelles-nourritures_<me-273>_9162,vite fait de reconnaître que votre propre bonté fait partie,male
Gide-Andre_Les-nouvelles-nourritures_<me-273>_9175,et que tout ce que vous avez en vous de,male
Gide-Andre_Les-nouvelles-nourritures_<me-273>_9178,ce que vous avez en vous de bon vient de,male
Gide-Andre_Les-nouvelles-nourritures_<me-273>_9193,de la Sainte Vierge que je suis venue vous parler,male
Gide-Andre_Les-nouvelles-nourritures_<me-273>_9196,Vierge que je suis venue vous parler . Ah !,male
Gide-Andre_Les-nouvelles-nourritures_<me-273>_9205,"! par exemple , ici je ne vous tiens pas",male
Gide-Andre_Les-nouvelles-nourritures_<me-273>_9207,"exemple , ici je ne vous tiens pas quitte !",male
Gide-Andre_Les-nouvelles-nourritures_<me-273>_9213,tiens pas quitte ! Et je voudrais bien savoir comment,male
Gide-Andre_Les-nouvelles-nourritures_<me-273>_9218,"je voudrais bien savoir comment vous , poète , vous",male
Gide-Andre_Les-nouvelles-nourritures_<me-273>_9220,"bien savoir comment vous , poète , vous pourriez faire",male
Gide-Andre_Les-nouvelles-nourritures_<me-273>_9222,"comment vous , poète , vous pourriez faire pour ne",male
Gide-Andre_Les-nouvelles-nourritures_<me-273>_9234,"aimer ? Au fond , vous l' aimez sans le",male
Gide-Andre_Les-nouvelles-nourritures_<me-273>_9248,"plutôt : sans consentir à vous l' avouer , à",male
Gide-Andre_Les-nouvelles-nourritures_<me-273>_9255,"avouer , à cause de votre orgueil . Non ,",male
Gide-Andre_Les-nouvelles-nourritures_<me-273>_9269,ce qu' il faut que vous soyez cabochard ! …,male
Gide-Andre_Les-nouvelles-nourritures_<me-273>_9325,"agités ? Ce rayon que vous admirez , qui tombe",male
Gide-Andre_Les-nouvelles-nourritures_<me-273>_9353,"source et se reflète en votre cœur , c' est",male
Gide-Andre_Les-nouvelles-nourritures_<me-273>_9375,"vent agite et qui pénètre votre cœur , c' est",male
Gide-Andre_Les-nouvelles-nourritures_<me-273>_9433,", pas encore ; mais je sais bien que c'",male
Gide-Andre_Les-nouvelles-nourritures_<me-273>_9442,"c' est elle , et mon amour pour elle ,",male
Gide-Andre_Les-nouvelles-nourritures_<me-273>_9450,"elle , qui écartent de moi tout ce qui pourrait",male
Gide-Andre_Les-nouvelles-nourritures_<me-273>_9455,moi tout ce qui pourrait me souiller … Allons !,male
Gide-Andre_Les-nouvelles-nourritures_<me-273>_9481,c' est tout un . Vous me feriez tant de,male
Gide-Andre_Les-nouvelles-nourritures_<me-273>_9482,est tout un . Vous me feriez tant de plaisir,male
Gide-Andre_Les-nouvelles-nourritures_<me-273>_9506,"qu' elle admet que , moi , ce soit le",male
Gide-Andre_Les-nouvelles-nourritures_<me-273>_9514,soit le petit Jésus que je préfère . Ah !,male
Gide-Andre_Les-nouvelles-nourritures_<me-273>_9532,"en l' aimant , jamais je n' oublie qu' il",male
Gide-Andre_Les-nouvelles-nourritures_<me-273>_9567,"Non , tenez , plus j' y pense , moins",male
Gide-Andre_Les-nouvelles-nourritures_<me-273>_9572,"j' y pense , moins je comprends votre résistance .",male
Gide-Andre_Les-nouvelles-nourritures_<me-273>_9580,"résistance . Et , si j' osais dire toute ma",male
Gide-Andre_Les-nouvelles-nourritures_<me-273>_9584,si j' osais dire toute ma pensée … : là,male
Gide-Andre_Les-nouvelles-nourritures_<me-273>_9592,": là - dedans , je vous trouve un peu",male
Gide-Andre_Les-nouvelles-nourritures_<me-273>_9609,"autre chose , lui dis - je . * Je",male
Gide-Andre_Les-nouvelles-nourritures_<me-273>_9613,dis - je . * Je reconnais que je me,male
Gide-Andre_Les-nouvelles-nourritures_<me-273>_9616,. * Je reconnais que je me suis longtemps servi,male
Gide-Andre_Les-nouvelles-nourritures_<me-273>_9632,sorte de dépotoir où verser mes concepts les plus imprécis,male
Gide-Andre_Les-nouvelles-nourritures_<me-273>_9702,"qui vieillissait , c' est moi ) tous les attributs",male
Gide-Andre_Les-nouvelles-nourritures_<me-273>_9708,) tous les attributs dont je l' avais revêtu naguère,male
Gide-Andre_Les-nouvelles-nourritures_<me-273>_9737,par la réalité . Cessé - je de le penser,male
Gide-Andre_Les-nouvelles-nourritures_<me-273>_9749,cessait d' être . Seule mon adoration le créait .,male
Gide-Andre_Les-nouvelles-nourritures_<me-273>_9777,"jeu de glaces , où je cessai de m' amuser",male
Gide-Andre_Les-nouvelles-nourritures_<me-273>_9783,cessai de m' amuser quand j' eus compris que j',male
Gide-Andre_Les-nouvelles-nourritures_<me-273>_9787,quand j' eus compris que j' en faisais seul tous,male
Gide-Andre_Les-nouvelles-nourritures_<me-273>_9831,la nature … À présent je ne vois même plus,male
Gide-Andre_Les-nouvelles-nourritures_<me-273>_9851,"de même , ce que j' appelais Dieu , jadis",male
Gide-Andre_Les-nouvelles-nourritures_<me-273>_9877,"à ces appels qui , je le sais aujourd' hui",male
Gide-Andre_Les-nouvelles-nourritures_<me-273>_9890,"que par et qu' en moi , tout ceci me",male
Gide-Andre_Les-nouvelles-nourritures_<me-273>_9894,"en moi , tout ceci me paraît aujourd' hui ,",male
Gide-Andre_Les-nouvelles-nourritures_<me-273>_9900,"paraît aujourd' hui , quand j' y songe , beaucoup",male
Gide-Andre_Les-nouvelles-nourritures_<me-273>_9917,"du monde , et que moi - même et que",male
Gide-Andre_Les-nouvelles-nourritures_<me-273>_10043,"Les considérations ci - dessus m' engagent , m' ont",male
Gide-Andre_Les-nouvelles-nourritures_<me-273>_10046,"- dessus m' engagent , m' ont toujours engagé ,",male
Gide-Andre_Les-nouvelles-nourritures_<me-273>_10069,de l' histoire humaine . Je tiens ces derniers pour,male
Gide-Andre_Les-nouvelles-nourritures_<me-273>_10155,"un Dieu qui , comprenant ma raison , la surpasse",male
Gide-Andre_Les-nouvelles-nourritures_<me-273>_10162,", la surpasse , que ma raison ne peut nier",male
Gide-Andre_Les-nouvelles-nourritures_<me-273>_10186,"davantage , que celle que vous Lui prêtez . Rien",male
Gide-Andre_Les-nouvelles-nourritures_<me-273>_10223,Il faut partir . * Je crois plus facilement aux,male
Gide-Andre_Les-nouvelles-nourritures_<me-273>_10239,". Mais ce polythéisme , je suis bien forcé de",male
Gide-Andre_Les-nouvelles-nourritures_<me-273>_10295,"souvent les catholiques , et je parle des plus soumis",male
Gide-Andre_Les-nouvelles-nourritures_<m'-326>_10453,. Et le Christ ne m' est plus de rien,male
Gide-Andre_Les-nouvelles-nourritures_<m'-326>_10483,ou l' autre – mais je n' ai jamais pu,male
Gide-Andre_Les-nouvelles-nourritures_<m'-326>_10490,ai jamais pu décider lequel m' est le plus impossible,male
Gide-Andre_Les-nouvelles-nourritures_<m'-326>_10537,quoi ? Une borne où mon esprit se cogne .,male
Gide-Andre_Les-nouvelles-nourritures_<m'-326>_10651,à l' arrivée . * Je me passai fort bien,male
Gide-Andre_Les-nouvelles-nourritures_<m'-326>_10661,de certitude dès lors que j' acquis celle - ci,male
Gide-Andre_Les-nouvelles-nourritures_<m'-326>_10719,. C' est à quoi je travaillai de tout mon,male
Gide-Andre_Les-nouvelles-nourritures_<m'-326>_10723,quoi je travaillai de tout mon cœur . Je n',male
Gide-Andre_Les-nouvelles-nourritures_<m'-326>_10726,de tout mon cœur . Je n' admettais point que,male
Gide-Andre_Les-nouvelles-nourritures_<m'-326>_10834,progrès … C' est pourquoi j' ai trouvé plus d',male
Gide-Andre_Les-nouvelles-nourritures_<m'-326>_10849,dans les livres ; pourquoi j' ai trouvé dans les,male
Gide-Andre_Les-nouvelles-nourritures_<m'-326>_10875,. C' est inconsidérément que je plongeai dans cet océan,male
Gide-Andre_Les-nouvelles-nourritures_<m'-326>_10891,"y nager , de ne m' y sentir pas engloutir",male
Gide-Andre_Les-nouvelles-nourritures_<m'-326>_10923,c' est tout naturellement que je m' abandonnai . J',male
Gide-Andre_Les-nouvelles-nourritures_<m'-326>_10927,que je m' abandonnai . J' avais bien entendu dire,male
Gide-Andre_Les-nouvelles-nourritures_<m'-326>_10940,"humaine est mauvaise , mais je souhaitais l' éprouver .",male
Gide-Andre_Les-nouvelles-nourritures_<m'-326>_10947,l' éprouver . Au demeurant je me sentais moins curieux,male
Gide-Andre_Les-nouvelles-nourritures_<m'-326>_10953,"me sentais moins curieux de moi que d' autrui ,",male
Gide-Andre_Les-nouvelles-nourritures_<m'-326>_10972,"une confusion charmante , et me précipitait hors de moi",male
Gide-Andre_Les-nouvelles-nourritures_<m'-326>_10976,et me précipitait hors de moi . La recherche d',male
Gide-Andre_Les-nouvelles-nourritures_<m'-326>_10984,recherche d' une morale ne me paraissait pas très habile,male
Gide-Andre_Les-nouvelles-nourritures_<m'-326>_10997,"possible , aussi longtemps que je ne savais point qui",male
Gide-Andre_Les-nouvelles-nourritures_<m'-326>_11002,je ne savais point qui j' étais . Cessant de,male
Gide-Andre_Les-nouvelles-nourritures_<m'-326>_11007,"j' étais . Cessant de me chercher , c' était",male
Gide-Andre_Les-nouvelles-nourritures_<m'-326>_11013,"chercher , c' était pour me retrouver dans l' amour",male
Gide-Andre_Les-nouvelles-nourritures_<m'-326>_11044,Eux seuls étaient capables de m' instruire . J' y,male
Gide-Andre_Les-nouvelles-nourritures_<m'-326>_11047,capables de m' instruire . J' y cédai . RENCONTRES,male
Gide-Andre_Les-nouvelles-nourritures_<m'-326>_11054,cédai . RENCONTRES OH ! me disait ce pauvre infirme,male
Gide-Andre_Les-nouvelles-nourritures_<m'-326>_11073,Pouvoir une fois enlacer de mes bras « qui que,male
Gide-Andre_Les-nouvelles-nourritures_<m'-326>_11082,"que ce soit pour qui je brûle » , ainsi",male
Gide-Andre_Les-nouvelles-nourritures_<m'-326>_11092,que dit Virgile … Il me semble qu' après avoir,male
Gide-Andre_Les-nouvelles-nourritures_<m'-326>_11101,"avoir connu cette joie , je me résignerais plus facilement",male
Gide-Andre_Les-nouvelles-nourritures_<m'-326>_11116,goûter d' autres ; que je me résignerais plus facilement,male
Gide-Andre_Les-nouvelles-nourritures_<m'-326>_11130,"Cette joie , malheureux ! lui dis - je ,",male
Gide-Andre_Les-nouvelles-nourritures_<m'-326>_11132,", malheureux ! lui dis - je , pour l'",male
Gide-Andre_Les-nouvelles-nourritures_<m'-326>_11142,"avoir une fois goûtée , tu ne la souhaiterais que",male
Gide-Andre_Les-nouvelles-nourritures_<m'-326>_11153,"davantage . Si poète que tu puisses être , l'",male
Gide-Andre_Les-nouvelles-nourritures_<m'-326>_11177,le souvenir . – Penses - tu me consoler ainsi,male
Gide-Andre_Les-nouvelles-nourritures_<m'-326>_11179,. – Penses - tu me consoler ainsi ? reprit,male
Gide-Andre_Les-nouvelles-nourritures_<m'-326>_11184,me consoler ainsi ? reprit - il . * Et,male
Gide-Andre_Les-nouvelles-nourritures_<m'-326>_11206,"joie , m' en suis - je soudain détourné comme",male
Gide-Andre_Les-nouvelles-nourritures_<m'-326>_11252,"ne pourrait plus en rien m' instruire , qu' il",male
Gide-Andre_Les-nouvelles-nourritures_<m'-326>_11300,. Mais du moins avais - je su bannir de,male
Gide-Andre_Les-nouvelles-nourritures_<m'-326>_11305,"- je su bannir de moi toutes réticences , pudeurs",male
Gide-Andre_Les-nouvelles-nourritures_<m'-326>_11337,retombement de la chair . J' étais tout habité par,male
Gide-Andre_Les-nouvelles-nourritures_<m'-326>_11347,le printemps intérieur dont ne me paraissaient que des échos,male
Gide-Andre_Les-nouvelles-nourritures_<m'-326>_11363,", et les floraisons que je rencontrais sur ma route",male
Gide-Andre_Les-nouvelles-nourritures_<m'-326>_11366,floraisons que je rencontrais sur ma route . J' ardais,male
Gide-Andre_Les-nouvelles-nourritures_<m'-326>_11369,rencontrais sur ma route . J' ardais si fort qu',male
Gide-Andre_Les-nouvelles-nourritures_<m'-326>_11375,ardais si fort qu' il me semblait pouvoir communiquer à,male
Gide-Andre_Les-nouvelles-nourritures_<m'-326>_11382,pouvoir communiquer à tout autrui ma ferveur comme on donne,male
Gide-Andre_Les-nouvelles-nourritures_<m'-326>_11403,"en est qu' attisée , je secouais de moi toute",male
Gide-Andre_Les-nouvelles-nourritures_<m'-326>_11406,"attisée , je secouais de moi toute cendre . Dans",male
Gide-Andre_Les-nouvelles-nourritures_<m'-326>_11411,moi toute cendre . Dans mes regards riait un amour,male
Gide-Andre_Les-nouvelles-nourritures_<m'-326>_11420,"amour épars , éperdu . Je pensais : la bonté",male
Gide-Andre_Les-nouvelles-nourritures_<m'-326>_11434,irradiation du bonheur ; et mon cœur se donnait à,male
Gide-Andre_Les-nouvelles-nourritures_<m'-326>_11467,", ni satiété , que je sentis venir avec l'",male
Gide-Andre_Les-nouvelles-nourritures_<m'-326>_11480,", souvent , escomptant sur mes lèvres avides l' épuisement",male
Gide-Andre_Les-nouvelles-nourritures_<m'-326>_11492,"du plaisir , la possession me paraissait de moindre prix",male
Gide-Andre_Les-nouvelles-nourritures_<m'-326>_11501,prix que la poursuite et j' en venais de plus,male
Gide-Andre_Les-nouvelles-nourritures_<m'-326>_11535,"de l' amour . RENCONTRES J' ALLAI le voir ,",male
Gide-Andre_Les-nouvelles-nourritures_<m'-326>_11572,à ce point changé que je le reconnus à peine,male
Gide-Andre_Les-nouvelles-nourritures_<m'-326>_11593,"; plus du tout , me dit - il .",male
Gide-Andre_Les-nouvelles-nourritures_<m'-326>_11680,"laissait paraître sa maigreur . Je tâchai de sourire ,",male
Gide-Andre_Les-nouvelles-nourritures_<m'-326>_11687,"de sourire , pour dissimuler ma tristesse . – De",male
Gide-Andre_Les-nouvelles-nourritures_<m'-326>_11709,"te remettre , lui dis - je . Mais tu",male
Gide-Andre_Les-nouvelles-nourritures_<m'-326>_11786,sourire tira ses traits et je compris qu' il n',male
Gide-Andre_Les-nouvelles-nourritures_<m'-326>_11808,"voici le printemps , ajoutai - je vite , en",male
Gide-Andre_Les-nouvelles-nourritures_<m'-326>_11814,"je vite , en détournant mon visage vers la fenêtre",male
Gide-Andre_Les-nouvelles-nourritures_<m'-326>_11825,"car des larmes , que je voulais lui cacher ,",male
Gide-Andre_Les-nouvelles-nourritures_<m'-326>_11831,"voulais lui cacher , emplissaient mes yeux . Tu vas",male
Gide-Andre_Les-nouvelles-nourritures_<m'-326>_11989,de me laisser aller … Tu regardes mes livres ?,male
Gide-Andre_Les-nouvelles-nourritures_<m'-326>_11999,"… Oui , ce sont tes Nourritures terrestres . Ce",male
Gide-Andre_Les-nouvelles-nourritures_<m'-326>_12011,ne me quitte pas . Tu ne peux pas savoir,male
Gide-Andre_Les-nouvelles-nourritures_<m'-326>_12097,minute qui passe : « Tu es si belle !,male
Gide-Andre_Les-nouvelles-nourritures_<vous-238>_7500,"Cherchez , cherchez . Cependant vous n' agirez point .",neutral
Gide-Andre_Les-nouvelles-nourritures_<vous-238>_7577,m' écarte pas moins de votre credo que de l',neutral
Gide-Andre_Les-nouvelles-nourritures_<vous-238>_7650,seulement je ne puis voir votre Dieu dans tout cela,neutral
Gide-Andre_Les-nouvelles-nourritures_<vous-238>_7777,pas avec elles . – Je ne vois pas en,neutral
Gide-Andre_Les-nouvelles-nourritures_<vous-238>_7790,distingue du Spinozisme . – Je ne tiens pas à,neutral
Gide-Andre_Les-nouvelles-nourritures_<vous-238>_7800,l' en distinguer . Déjà je citais Gœthe qui reconnaissait,neutral
Gide-Andre_Les-nouvelles-nourritures_<vous-238>_7831,". Certains esprits , auxquels je me rattache et m'",neutral
Gide-Andre_Les-nouvelles-nourritures_<vous-238>_7835,"auxquels je me rattache et m' apparente , j' ai",neutral
Gide-Andre_Les-nouvelles-nourritures_<vous-238>_7838,"rattache et m' apparente , j' ai la joie de",neutral
Gide-Andre_Les-nouvelles-nourritures_<vous-238>_7848,les pouvoir vénérer autant que vous vénérez les « pères,neutral
Gide-Andre_Les-nouvelles-nourritures_<vous-238>_7856,"« pères » mêmes de votre Église . Mais ,",neutral
Gide-Andre_Les-nouvelles-nourritures_<vous-238>_7863,". Mais , tandis que votre tradition se reporte à",neutral
Gide-Andre_Les-nouvelles-nourritures_<vous-238>_7892,", non seulement laisse à ma pensée sa vertu ,",neutral
Gide-Andre_Les-nouvelles-nourritures_<vous-238>_7902,"mais l' encourage , et m' engage à n' accepter",neutral
Gide-Andre_Les-nouvelles-nourritures_<vous-238>_7911,accepter rien pour vrai que je ne l' aie vérifié,neutral
Gide-Andre_Les-nouvelles-nourritures_<vous-238>_7916,je ne l' aie vérifié moi - même tout d',neutral
Gide-Andre_Les-nouvelles-nourritures_<vous-238>_7956,"et même craintive , mais répugne à cette fausse modestie",neutral
Gide-Andre_Les-nouvelles-nourritures_<vous-238>_7993,"ON a beaucoup parlé de moi ces derniers temps ,",neutral
Gide-Andre_Les-nouvelles-nourritures_<vous-238>_7998,"moi ces derniers temps , m' a dit Dieu .",neutral
Gide-Andre_Les-nouvelles-nourritures_<vous-238>_8004,a dit Dieu . Il me revient ici des tas,neutral
Gide-Andre_Les-nouvelles-nourritures_<vous-238>_8022,"peu gênant . Oui , je sais , je suis",neutral
Gide-Andre_Les-nouvelles-nourritures_<vous-238>_8025,"Oui , je sais , je suis à la mode",neutral
Gide-Andre_Les-nouvelles-nourritures_<vous-238>_8039,"que l' on dit de moi , le plus souvent",neutral
Gide-Andre_Les-nouvelles-nourritures_<vous-238>_8045,", le plus souvent ne me plaît guère ; et",neutral
Gide-Andre_Les-nouvelles-nourritures_<vous-238>_8054,et même il arrive que je ne le comprenne pas,neutral
Gide-Andre_Les-nouvelles-nourritures_<vous-238>_8064,"du tout . Mais , tenez ! vous qui êtes",neutral
Gide-Andre_Les-nouvelles-nourritures_<vous-238>_8090,? ) vous devriez bien me dire de qui est,neutral
Gide-Andre_Les-nouvelles-nourritures_<vous-238>_8106,"parmi tant d' insanités , m' a plu : «",neutral
Gide-Andre_Les-nouvelles-nourritures_<vous-238>_8131,"est de moi , dis - je en rougissant .",neutral
Gide-Andre_Les-nouvelles-nourritures_<vous-238>_8155,"qui , depuis ce moment me tutoie . Certains voudraient",neutral
Gide-Andre_Les-nouvelles-nourritures_<vous-238>_8162,. Certains voudraient toujours que j' intervienne et dérange pour,neutral
Gide-Andre_Les-nouvelles-nourritures_<vous-238>_8241,"dans le pétrin , dis - je . – Qu'",neutral
Gide-Andre_Les-nouvelles-nourritures_<vous-238>_8279,"soit dit , cela ne m' a pas donné si",neutral
Gide-Andre_Les-nouvelles-nourritures_<vous-238>_8299,"est né , comme malgré moi , des quelques données",neutral
Gide-Andre_Les-nouvelles-nourritures_<vous-238>_8317,", en se développant , m' explique mieux à moi",neutral
Gide-Andre_Les-nouvelles-nourritures_<vous-238>_8321,", m' explique mieux à moi - même que toutes",neutral
Gide-Andre_Les-nouvelles-nourritures_<vous-238>_8333,"des théologues . Diffus dans ma création , tout à",neutral
Gide-Andre_Les-nouvelles-nourritures_<vous-238>_8341,"tout à la fois , je m' y dissimule et",neutral
Gide-Andre_Les-nouvelles-nourritures_<vous-238>_8351,"m' y perds , et je m' y retrouve sans",neutral
Gide-Andre_Les-nouvelles-nourritures_<vous-238>_8361,"cesse , au point que je me confonds avec elle",neutral
Gide-Andre_Les-nouvelles-nourritures_<vous-238>_8367,"me confonds avec elle et doute si , sans elle",neutral
Gide-Andre_Les-nouvelles-nourritures_<vous-238>_8373,"si , sans elle , j' existerais vraiment ; je",neutral
Gide-Andre_Les-nouvelles-nourritures_<vous-238>_8377,", j' existerais vraiment ; je m' y prouve à",neutral
Gide-Andre_Les-nouvelles-nourritures_<vous-238>_8382,je m' y prouve à moi - même mes propres,neutral
Gide-Andre_Les-nouvelles-nourritures_<vous-238>_8385,prouve à moi - même mes propres possibilités . Mais,neutral
Gide-Andre_Les-nouvelles-nourritures_<vous-238>_8497,sur ce sensible miroir que ma création tout entière infléchie,neutral
Gide-Andre_Les-nouvelles-nourritures_<vous-238>_8509,"et s' émeut … – Je dois t' avouer ,",neutral
Gide-Andre_Les-nouvelles-nourritures_<vous-238>_8511,"émeut … – Je dois t' avouer , me dit",neutral
Gide-Andre_Les-nouvelles-nourritures_<vous-238>_8514,"Je dois t' avouer , me dit - il encore",neutral
Gide-Andre_Les-nouvelles-nourritures_<vous-238>_8516,"t' avouer , me dit - il encore , que",neutral
Gide-Andre_Les-nouvelles-nourritures_<vous-238>_8521,"- il encore , que je suis grandement déçu par",neutral
Gide-Andre_Les-nouvelles-nourritures_<vous-238>_8537,"qui se disent le plus mes enfants , sous prétexte",neutral
Gide-Andre_Les-nouvelles-nourritures_<vous-238>_8543,"enfants , sous prétexte de m' adorer mieux , tournent",neutral
Gide-Andre_Les-nouvelles-nourritures_<vous-238>_8554,dos à tout ce que j' ai préparé pour eux,neutral
Gide-Andre_Les-nouvelles-nourritures_<vous-238>_8568,"Oui , ceux précisément qui me nomment leur père ,",neutral
Gide-Andre_Les-nouvelles-nourritures_<vous-238>_8579,peuvent - ils supposer que je puisse me plaire à,neutral
Gide-Andre_Les-nouvelles-nourritures_<vous-238>_8590,"voir , par amour pour moi , maigrir , souffrir",neutral
Gide-Andre_Les-nouvelles-nourritures_<vous-238>_8601,se priver ? … Cela me fait une belle jambe,neutral
Gide-Andre_Les-nouvelles-nourritures_<vous-238>_8607,fait une belle jambe ! J' ai caché mes plus,neutral
Gide-Andre_Les-nouvelles-nourritures_<vous-238>_8610,"jambe ! J' ai caché mes plus beaux secrets ,",neutral
Gide-Andre_Les-nouvelles-nourritures_<vous-238>_8632,les œufs de Pâques . J' aime surtout ceux -,neutral
Gide-Andre_Les-nouvelles-nourritures_<vous-238>_8650,à chercher . * Lorsque je considère et pèse ce,neutral
Gide-Andre_Les-nouvelles-nourritures_<vous-238>_8653,* Lorsque je considère et pèse ce mot Dieu que,neutral
Gide-Andre_Les-nouvelles-nourritures_<vous-238>_8658,"pèse ce mot Dieu que j' emploie , je suis",neutral
Gide-Andre_Les-nouvelles-nourritures_<vous-238>_8661,"Dieu que j' emploie , je suis forcé de constater",neutral
Gide-Andre_Les-nouvelles-nourritures_<vous-238>_8683,est bien là ce qui me permet d' en user,neutral
Gide-Andre_Les-nouvelles-nourritures_<vous-238>_8729,y a mis . Si j' y verse la toute,neutral
Gide-Andre_Les-nouvelles-nourritures_<vous-238>_8740,"puissance , comment n' aurais - je pas pour ce",neutral
Gide-Andre_Les-nouvelles-nourritures_<vous-238>_8755,et de l' amour si je l' emplis d' attention,neutral
Gide-Andre_Les-nouvelles-nourritures_<vous-238>_8761,"l' emplis d' attention pour moi - même et ,",neutral
Gide-Andre_Les-nouvelles-nourritures_<vous-238>_8775,", de bonté ? Si je lui prête la foudre",neutral
Gide-Andre_Les-nouvelles-nourritures_<vous-238>_8782,"prête la foudre , si j' attache à son côté",neutral
Gide-Andre_Les-nouvelles-nourritures_<vous-238>_8800,plus devant l' orage que je tremble et m' effraie,neutral
Gide-Andre_Les-nouvelles-nourritures_<vous-238>_8819,", bonté , il ne m' est point possible d'",neutral
Gide-Andre_Les-nouvelles-nourritures_<un pauvre nègre-110>_3469,en souvient - il – un pauvre nègre que nous,male
Gide-Andre_Les-nouvelles-nourritures_<un pauvre nègre-110>_3472,il – un pauvre nègre que nous avons longuement contemplé,male
Gide-Andre_Les-nouvelles-nourritures_<un pauvre nègre-110>_3529,"devanture ; mais c' était lui , le nègre ,",male
Gide-Andre_Les-nouvelles-nourritures_<un pauvre nègre-110>_3531,"mais c' était lui , le nègre , que nous",male
Gide-Andre_Les-nouvelles-nourritures_<un pauvre nègre-110>_3534,"lui , le nègre , que nous regardions . Pauvre",male
Gide-Andre_Les-nouvelles-nourritures_<un pauvre nègre-110>_3540,"nous regardions . Pauvre , il l' était assurément ,",male
Gide-Andre_Les-nouvelles-nourritures_<un pauvre nègre-110>_3552,paraissait d' autant plus qu' il tâchait de le moins,male
Gide-Andre_Les-nouvelles-nourritures_<un pauvre nègre-110>_3560,le moins paraître ; car c' était un nègre très,male
Gide-Andre_Les-nouvelles-nourritures_<un pauvre nègre-110>_3562,paraître ; car c' était un nègre très soucieux de,male
Gide-Andre_Les-nouvelles-nourritures_<un pauvre nègre-110>_3567,un nègre très soucieux de sa dignité . Il était,male
Gide-Andre_Les-nouvelles-nourritures_<un pauvre nègre-110>_3570,soucieux de sa dignité . Il était coiffé d' un,male
Gide-Andre_Les-nouvelles-nourritures_<un pauvre nègre-110>_3602,redingote était affreusement élimée ; il avait du linge assurément,male
Gide-Andre_Les-nouvelles-nourritures_<un pauvre nègre-110>_3621,que sur un nègre ; sa misère se voyait surtout,male
Gide-Andre_Les-nouvelles-nourritures_<un pauvre nègre-110>_3627,misère se voyait surtout à ses souliers crevés . Il,male
Gide-Andre_Les-nouvelles-nourritures_<un pauvre nègre-110>_3631,à ses souliers crevés . Il marchait à tout petits,male
Gide-Andre_Les-nouvelles-nourritures_<un pauvre nègre-110>_3662,"quatre pas s' arrêtait , soulevait son tuyau de poêle",male
Gide-Andre_Les-nouvelles-nourritures_<un pauvre nègre-110>_3663,"pas s' arrêtait , soulevait son tuyau de poêle ,",male
Gide-Andre_Les-nouvelles-nourritures_<un pauvre nègre-110>_3670,"de poêle , et s' éventait avec , bien qu'",male
Gide-Andre_Les-nouvelles-nourritures_<un pauvre nègre-110>_3675,"éventait avec , bien qu' il fît froid , puis",male
Gide-Andre_Les-nouvelles-nourritures_<un pauvre nègre-110>_3680,"il fît froid , puis sortait un sordide foulard de",male
Gide-Andre_Les-nouvelles-nourritures_<un pauvre nègre-110>_3685,sortait un sordide foulard de sa poche et s' épongeait,male
Gide-Andre_Les-nouvelles-nourritures_<un pauvre nègre-110>_3688,foulard de sa poche et s' épongeait le front avec,male
Gide-Andre_Les-nouvelles-nourritures_<un pauvre nègre-110>_3689,"de sa poche et s' épongeait le front avec ,",male
Gide-Andre_Les-nouvelles-nourritures_<un pauvre nègre-110>_3696,"front avec , puis le rentrait ; il avait un",male
Gide-Andre_Les-nouvelles-nourritures_<un pauvre nègre-110>_3698,", puis le rentrait ; il avait un grand front",male
Gide-Andre_Les-nouvelles-nourritures_<un pauvre nègre-110>_3709,sous une tignasse argentée ; son regard était vague comme,male
Gide-Andre_Les-nouvelles-nourritures_<un pauvre nègre-110>_3726,"de la vie , et il paraissait ne pas voir",male
Gide-Andre_Les-nouvelles-nourritures_<un pauvre nègre-110>_3734,"pas voir les passants qu' il croisait ; mais ,",male
Gide-Andre_Les-nouvelles-nourritures_<un pauvre nègre-110>_3746,"- ci s' arrêtaient à le regarder , vite il",male
Gide-Andre_Les-nouvelles-nourritures_<un pauvre nègre-110>_3750,"à le regarder , vite il se recouvrait , par",male
Gide-Andre_Les-nouvelles-nourritures_<un pauvre nègre-110>_3758,", par dignité , et recommençait de marcher . Certainement",male
Gide-Andre_Les-nouvelles-nourritures_<un pauvre nègre-110>_3763,recommençait de marcher . Certainement il venait de faire une,male
Gide-Andre_Les-nouvelles-nourritures_<un pauvre nègre-110>_3774,à quelqu' un de qui il attendait ce qui venait,male
Gide-Andre_Les-nouvelles-nourritures_<un pauvre nègre-110>_3780,attendait ce qui venait de lui être refusé . Il,male
Gide-Andre_Les-nouvelles-nourritures_<un pauvre nègre-110>_3784,de lui être refusé . Il avait l' air de,male
Gide-Andre_Les-nouvelles-nourritures_<un pauvre nègre-110>_3797,ont plus d' espérance . Il avait l' air de,male
Gide-Andre_Les-nouvelles-nourritures_<un pauvre nègre-110>_3825,"nouveau redemander . Assurément , il voulait montrer et se",male
Gide-Andre_Les-nouvelles-nourritures_<un pauvre nègre-110>_3832,montrer et se prouver à lui - même que pour,male
Gide-Andre_Les-nouvelles-nourritures_<un pauvre nègre-110>_3854,Ah ! j' aurais voulu le suivre et savoir où,male
Gide-Andre_Les-nouvelles-nourritures_<un pauvre nègre-110>_3859,le suivre et savoir où il allait ; mais il,male
Gide-Andre_Les-nouvelles-nourritures_<un pauvre nègre-110>_3863,où il allait ; mais il n' allait nulle part,male
Gide-Andre_Les-nouvelles-nourritures_<un pauvre nègre-110>_3874,"Ah ! j' aurais voulu l' aborder , mais je",male
Gide-Andre_Les-nouvelles-nourritures_<un pauvre nègre-110>_3888,faire pour ne pas froisser sa susceptibilité . Et puis,male
Gide-Andre_Les-nouvelles-nourritures_<un pauvre nègre-110>_3933,de même j' aurais dû l' aborder . 2 Et,male
Gide-Andre_Les-nouvelles-nourritures_<un pauvre nègre-110>_3963,ce petit homme si sympathique qui trimbalait un bocal avec,male
Gide-Andre_Les-nouvelles-nourritures_<un pauvre nègre-110>_4007,"que c' était , mais il abritait cela si soigneusement",male
Gide-Andre_Les-nouvelles-nourritures_<un pauvre nègre-110>_4014,cela si soigneusement que je lui dis en riant :,male
Gide-Andre_Les-nouvelles-nourritures_<un pauvre nègre-110>_4027,"une bombe ? Alors , il m' attira près de",male
Gide-Andre_Les-nouvelles-nourritures_<un pauvre nègre-110>_4049,"tout de suite , car il était de naturel affable",male
Gide-Andre_Les-nouvelles-nourritures_<un pauvre nègre-110>_4055,était de naturel affable et sentait que nous ne demandions,male
Gide-Andre_Les-nouvelles-nourritures_<un pauvre nègre-110>_4065,qu' à causer : « Je les couvre pour ne,male
Gide-Andre_Les-nouvelles-nourritures_<un pauvre nègre-110>_4089,vous êtes artiste assurément ) je m' en vais vous,male
Gide-Andre_Les-nouvelles-nourritures_<un pauvre nègre-110>_4119,"langes d' un poupon , il continuait : – C'",male
Gide-Andre_Les-nouvelles-nourritures_<un pauvre nègre-110>_4125,continuait : – C' est mon commerce ; je suis,male
Gide-Andre_Les-nouvelles-nourritures_<un pauvre nègre-110>_4128,C' est mon commerce ; je suis éleveur de poissons,male
Gide-Andre_Les-nouvelles-nourritures_<un pauvre nègre-110>_4130,mon commerce ; je suis éleveur de poissons . Tenez,male
Gide-Andre_Les-nouvelles-nourritures_<tu-561>_17631,irrite les théologiens . Car tu remarqueras que ceux -,male
Gide-Andre_Les-nouvelles-nourritures_<tu-561>_17666,Plutôt que de chercher à te laisser instruire par les,male
Gide-Andre_Les-nouvelles-nourritures_<tu-561>_17674,"par les hommes , cherche ton enseignement près de Dieu",male
Gide-Andre_Les-nouvelles-nourritures_<tu-561>_17754,de Dieu . Et ne te contente pas de l',male
Gide-Andre_Les-nouvelles-nourritures_<tu-561>_17769,Dieu des questions précises et force - le à te,male
Gide-Andre_Les-nouvelles-nourritures_<tu-561>_17773,et force - le à te répondre précisément . Ne,male
Gide-Andre_Les-nouvelles-nourritures_<tu-561>_17778,te répondre précisément . Ne te contente pas de contempler,male
Gide-Andre_Les-nouvelles-nourritures_<tu-561>_17787,contempler ; observe . Alors tu remarqueras que tout ce,male
Gide-Andre_Les-nouvelles-nourritures_<tu-561>_17895,"qu' il lui faut . Tu ne consentiras plus ,",male
Gide-Andre_Les-nouvelles-nourritures_<tu-561>_17900,"Tu ne consentiras plus , camarade , à chercher aliment",male
Gide-Andre_Les-nouvelles-nourritures_<tu-561>_17919,filtré par les hommes . Tes dents sont là pour,male
Gide-Andre_Les-nouvelles-nourritures_<tu-561>_17935,est dans la réalité que tu dois trouver nourriture .,male
Gide-Andre_Les-nouvelles-nourritures_<tu-561>_17947,"toi nu , vaillant ; fais craquer les gaines ;",male
Gide-Andre_Les-nouvelles-nourritures_<tu-561>_17954,les gaines ; écarte de toi les tuteurs ; pour,male
Gide-Andre_Les-nouvelles-nourritures_<tu-561>_17961,tuteurs ; pour croître droit tu n' as plus besoin,male
Gide-Andre_Les-nouvelles-nourritures_<tu-561>_17971,que de l' élan de ta sève et que de,male
Gide-Andre_Les-nouvelles-nourritures_<tu-561>_17981,l' appel du soleil . Tu remarqueras que toute plante,male
Gide-Andre_Les-nouvelles-nourritures_<tu-561>_18080,remanger ce qu' ont digéré tes ancêtres . Vois s',male
Gide-Andre_Les-nouvelles-nourritures_<tu-561>_18113,et qu' atrophie . Et tu remarqueras de même que,male
Gide-Andre_Les-nouvelles-nourritures_<tu-561>_18145,tronc . Sache comprendre et t' éloigner le plus possible,male
Gide-Andre_Les-nouvelles-nourritures_<tu-561>_18185,des doigts maternels . * Tu n' auras pas raison,male
Gide-Andre_Les-nouvelles-nourritures_<tu-561>_18240,"emplis de ton nom , camarade , et d' un",male
Gide-Andre_Les-nouvelles-nourritures_<tu-561>_18292,"la terre . Vers où te porteront tes pas ,",male
Gide-Andre_Les-nouvelles-nourritures_<tu-561>_18294,". Vers où te porteront tes pas , camarade ,",male
Gide-Andre_Les-nouvelles-nourritures_<tu-561>_18297,"te porteront tes pas , camarade , régénéré , vaillant",male
Gide-Andre_Les-nouvelles-nourritures_<tu-561>_18319,laisse t' emporter en avant ton espoir . Ne permets,male
Gide-Andre_Les-nouvelles-nourritures_<tu-561>_18368,"est pas encore , mets - l' y . *",male
Gide-Andre_Les-nouvelles-nourritures_<tu-561>_18398,"insomnies … que tout cela te soit épargné , ah",male
Gide-Andre_Les-nouvelles-nourritures_<tu-561>_18409,"combien je le voudrais , camarade ! Incliner vers tes",male
Gide-Andre_Les-nouvelles-nourritures_<tu-561>_18413,", camarade ! Incliner vers tes mains , tes livres",male
Gide-Andre_Les-nouvelles-nourritures_<tu-561>_18416,"Incliner vers tes mains , tes livres , les branches",male
Gide-Andre_Les-nouvelles-nourritures_<tu-561>_18435,"les murs , abattre devant toi les barrières sur lesquelles",male
Gide-Andre_Les-nouvelles-nourritures_<tu-561>_18458,. » Obtenir enfin que te revienne l' intégrale récompense,male
Gide-Andre_Les-nouvelles-nourritures_<tu-561>_18464,revienne l' intégrale récompense de ton labeur . Relever ton,male
Gide-Andre_Les-nouvelles-nourritures_<tu-561>_18468,de ton labeur . Relever ton front et permettre enfin,male
Gide-Andre_Les-nouvelles-nourritures_<tu-561>_18474,front et permettre enfin que ton cœur s' emplisse non,male
Gide-Andre_Les-nouvelles-nourritures_<tu-561>_18495,"Oui , permettre enfin que t' atteignent toutes les caresses",male
